<?xml version="1.0" encoding="UTF-8"?>
<!DOCTYPE mapper PUBLIC "-//mybatis.org//DTD Mapper 3.0//EN" "http://mybatis.org/dtd/mybatis-3-mapper.dtd">
<mapper namespace="com.graduation.poetry.mapper.AuthorMapper">
  <resultMap id="BaseResultMap" type="com.graduation.poetry.model.Author">
    <id column="id" jdbcType="BIGINT" property="id" />
    <result column="author_name" jdbcType="VARCHAR" property="authorName" />
    <result column="author_background" jdbcType="VARCHAR" property="authorBackground" />
    <result column="author_dynasty" jdbcType="VARCHAR" property="authorDynasty" />
    <result column="poetry_number" jdbcType="VARCHAR" property="poetryNumber" />
    <result column="create_time" jdbcType="TIMESTAMP" property="createTime" />
    <result column="update_time" jdbcType="TIMESTAMP" property="updateTime" />
    <result column="author_img" jdbcType="VARCHAR" property="authorImg" />
    <result column="poetry_url" jdbcType="VARCHAR" property="poetryUrl" />
  </resultMap>
  <sql id="Example_Where_Clause">
    <where>
      <foreach collection="oredCriteria" item="criteria" separator="or">
        <if test="criteria.valid">
          <trim prefix="(" prefixOverrides="and" suffix=")">
            <foreach collection="criteria.criteria" item="criterion">
              <choose>
                <when test="criterion.noValue">
                  and ${criterion.condition}
                </when>
                <when test="criterion.singleValue">
                  and ${criterion.condition} #{criterion.value}
                </when>
                <when test="criterion.betweenValue">
                  and ${criterion.condition} #{criterion.value} and #{criterion.secondValue}
                </when>
                <when test="criterion.listValue">
                  and ${criterion.condition}
                  <foreach close=")" collection="criterion.value" item="listItem" open="(" separator=",">
                    #{listItem}
                  </foreach>
                </when>
              </choose>
            </foreach>
          </trim>
        </if>
      </foreach>
    </where>
  </sql>
  <sql id="Update_By_Example_Where_Clause">
    <where>
      <foreach collection="example.oredCriteria" item="criteria" separator="or">
        <if test="criteria.valid">
          <trim prefix="(" prefixOverrides="and" suffix=")">
            <foreach collection="criteria.criteria" item="criterion">
              <choose>
                <when test="criterion.noValue">
                  and ${criterion.condition}
                </when>
                <when test="criterion.singleValue">
                  and ${criterion.condition} #{criterion.value}
                </when>
                <when test="criterion.betweenValue">
                  and ${criterion.condition} #{criterion.value} and #{criterion.secondValue}
                </when>
                <when test="criterion.listValue">
                  and ${criterion.condition}
                  <foreach close=")" collection="criterion.value" item="listItem" open="(" separator=",">
                    #{listItem}
                  </foreach>
                </when>
              </choose>
            </foreach>
          </trim>
        </if>
      </foreach>
    </where>
  </sql>
  <sql id="Base_Column_List">
    id, author_name, author_background, author_dynasty, poetry_number, create_time, update_time, 
    author_img, poetry_url
  </sql>
  <select id="selectByExample" parameterType="com.graduation.poetry.model.AuthorExample" resultMap="BaseResultMap">
    select
    <if test="distinct">
      distinct
    </if>
    <include refid="Base_Column_List" />
    from author
    <if test="_parameter != null">
      <include refid="Example_Where_Clause" />
    </if>
    <if test="orderByClause != null">
      order by ${orderByClause}
    </if>
  </select>
  <select id="selectByPrimaryKey" parameterType="java.lang.Long" resultMap="BaseResultMap">
    select 
    <include refid="Base_Column_List" />
    from author
    where id = #{id,jdbcType=BIGINT}
  </select>
  <delete id="deleteByPrimaryKey" parameterType="java.lang.Long">
    delete from author
    where id = #{id,jdbcType=BIGINT}
  </delete>
  <delete id="deleteByExample" parameterType="com.graduation.poetry.model.AuthorExample">
    delete from author
    <if test="_parameter != null">
      <include refid="Example_Where_Clause" />
    </if>
  </delete>
  <insert id="insert" parameterType="com.graduation.poetry.model.Author">
    <selectKey keyProperty="id" order="AFTER" resultType="java.lang.Long">
      SELECT LAST_INSERT_ID()
    </selectKey>
    insert into author (author_name, author_background, author_dynasty, 
      poetry_number, create_time, update_time, 
      author_img, poetry_url)
    values (#{authorName,jdbcType=VARCHAR}, #{authorBackground,jdbcType=VARCHAR}, #{authorDynasty,jdbcType=VARCHAR}, 
      #{poetryNumber,jdbcType=VARCHAR}, #{createTime,jdbcType=TIMESTAMP}, #{updateTime,jdbcType=TIMESTAMP}, 
      #{authorImg,jdbcType=VARCHAR}, #{poetryUrl,jdbcType=VARCHAR})
  </insert>
  <insert id="insertSelective" parameterType="com.graduation.poetry.model.Author">
    <selectKey keyProperty="id" order="AFTER" resultType="java.lang.Long">
      SELECT LAST_INSERT_ID()
    </selectKey>
    insert into author
    <trim prefix="(" suffix=")" suffixOverrides=",">
      <if test="authorName != null">
        author_name,
      </if>
      <if test="authorBackground != null">
        author_background,
      </if>
      <if test="authorDynasty != null">
        author_dynasty,
      </if>
      <if test="poetryNumber != null">
        poetry_number,
      </if>
      <if test="createTime != null">
        create_time,
      </if>
      <if test="updateTime != null">
        update_time,
      </if>
      <if test="authorImg != null">
        author_img,
      </if>
      <if test="poetryUrl != null">
        poetry_url,
      </if>
    </trim>
    <trim prefix="values (" suffix=")" suffixOverrides=",">
      <if test="authorName != null">
        #{authorName,jdbcType=VARCHAR},
      </if>
      <if test="authorBackground != null">
        #{authorBackground,jdbcType=VARCHAR},
      </if>
      <if test="authorDynasty != null">
        #{authorDynasty,jdbcType=VARCHAR},
      </if>
      <if test="poetryNumber != null">
        #{poetryNumber,jdbcType=VARCHAR},
      </if>
      <if test="createTime != null">
        #{createTime,jdbcType=TIMESTAMP},
      </if>
      <if test="updateTime != null">
        #{updateTime,jdbcType=TIMESTAMP},
      </if>
      <if test="authorImg != null">
        #{authorImg,jdbcType=VARCHAR},
      </if>
      <if test="poetryUrl != null">
        #{poetryUrl,jdbcType=VARCHAR},
      </if>
    </trim>
  </insert>
  <select id="countByExample" parameterType="com.graduation.poetry.model.AuthorExample" resultType="java.lang.Long">
    select count(*) from author
    <if test="_parameter != null">
      <include refid="Example_Where_Clause" />
    </if>
  </select>
  <update id="updateByExampleSelective" parameterType="map">
    update author
    <set>
      <if test="record.id != null">
        id = #{record.id,jdbcType=BIGINT},
      </if>
      <if test="record.authorName != null">
        author_name = #{record.authorName,jdbcType=VARCHAR},
      </if>
      <if test="record.authorBackground != null">
        author_background = #{record.authorBackground,jdbcType=VARCHAR},
      </if>
      <if test="record.authorDynasty != null">
        author_dynasty = #{record.authorDynasty,jdbcType=VARCHAR},
      </if>
      <if test="record.poetryNumber != null">
        poetry_number = #{record.poetryNumber,jdbcType=VARCHAR},
      </if>
      <if test="record.createTime != null">
        create_time = #{record.createTime,jdbcType=TIMESTAMP},
      </if>
      <if test="record.updateTime != null">
        update_time = #{record.updateTime,jdbcType=TIMESTAMP},
      </if>
      <if test="record.authorImg != null">
        author_img = #{record.authorImg,jdbcType=VARCHAR},
      </if>
      <if test="record.poetryUrl != null">
        poetry_url = #{record.poetryUrl,jdbcType=VARCHAR},
      </if>
    </set>
    <if test="_parameter != null">
      <include refid="Update_By_Example_Where_Clause" />
    </if>
  </update>
  <update id="updateByExample" parameterType="map">
    update author
    set id = #{record.id,jdbcType=BIGINT},
      author_name = #{record.authorName,jdbcType=VARCHAR},
      author_background = #{record.authorBackground,jdbcType=VARCHAR},
      author_dynasty = #{record.authorDynasty,jdbcType=VARCHAR},
      poetry_number = #{record.poetryNumber,jdbcType=VARCHAR},
      create_time = #{record.createTime,jdbcType=TIMESTAMP},
      update_time = #{record.updateTime,jdbcType=TIMESTAMP},
      author_img = #{record.authorImg,jdbcType=VARCHAR},
      poetry_url = #{record.poetryUrl,jdbcType=VARCHAR}
    <if test="_parameter != null">
      <include refid="Update_By_Example_Where_Clause" />
    </if>
  </update>
  <update id="updateByPrimaryKeySelective" parameterType="com.graduation.poetry.model.Author">
    update author
    <set>
      <if test="authorName != null">
        author_name = #{authorName,jdbcType=VARCHAR},
      </if>
      <if test="authorBackground != null">
        author_background = #{authorBackground,jdbcType=VARCHAR},
      </if>
      <if test="authorDynasty != null">
        author_dynasty = #{authorDynasty,jdbcType=VARCHAR},
      </if>
      <if test="poetryNumber != null">
        poetry_number = #{poetryNumber,jdbcType=VARCHAR},
      </if>
      <if test="createTime != null">
        create_time = #{createTime,jdbcType=TIMESTAMP},
      </if>
      <if test="updateTime != null">
        update_time = #{updateTime,jdbcType=TIMESTAMP},
      </if>
      <if test="authorImg != null">
        author_img = #{authorImg,jdbcType=VARCHAR},
      </if>
      <if test="poetryUrl != null">
        poetry_url = #{poetryUrl,jdbcType=VARCHAR},
      </if>
    </set>
    where id = #{id,jdbcType=BIGINT}
  </update>
  <update id="updateByPrimaryKey" parameterType="com.graduation.poetry.model.Author">
    update author
    set author_name = #{authorName,jdbcType=VARCHAR},
      author_background = #{authorBackground,jdbcType=VARCHAR},
      author_dynasty = #{authorDynasty,jdbcType=VARCHAR},
      poetry_number = #{poetryNumber,jdbcType=VARCHAR},
      create_time = #{createTime,jdbcType=TIMESTAMP},
      update_time = #{updateTime,jdbcType=TIMESTAMP},
      author_img = #{authorImg,jdbcType=VARCHAR},
      poetry_url = #{poetryUrl,jdbcType=VARCHAR}
    where id = #{id,jdbcType=BIGINT}
  </update>
</mapper>