<?xml version="1.0" encoding="UTF-8"?>
<!DOCTYPE mapper PUBLIC "-//mybatis.org//DTD Mapper 3.0//EN" "http://mybatis.org/dtd/mybatis-3-mapper.dtd">
<mapper namespace="com.graduation.poetry.mapper.DiscussReportMapper">
  <resultMap id="BaseResultMap" type="com.graduation.poetry.model.DiscussReport">
    <id column="id" jdbcType="BIGINT" property="id" />
    <result column="be_report_discuss_id" jdbcType="BIGINT" property="beReportDiscussId" />
    <result column="discuss_content" jdbcType="VARCHAR" property="discussContent" />
    <result column="user_of_discuss_id" jdbcType="BIGINT" property="userOfDiscussId" />
    <result column="report_user_id" jdbcType="BIGINT" property="reportUserId" />
    <result column="is_dispose" jdbcType="INTEGER" property="isDispose" />
    <result column="create_time" jdbcType="TIMESTAMP" property="createTime" />
    <result column="update_time" jdbcType="TIMESTAMP" property="updateTime" />
  </resultMap>
  <sql id="Example_Where_Clause">
    <where>
      <foreach collection="oredCriteria" item="criteria" separator="or">
        <if test="criteria.valid">
          <trim prefix="(" prefixOverrides="and" suffix=")">
            <foreach collection="criteria.criteria" item="criterion">
              <choose>
                <when test="criterion.noValue">
                  and ${criterion.condition}
                </when>
                <when test="criterion.singleValue">
                  and ${criterion.condition} #{criterion.value}
                </when>
                <when test="criterion.betweenValue">
                  and ${criterion.condition} #{criterion.value} and #{criterion.secondValue}
                </when>
                <when test="criterion.listValue">
                  and ${criterion.condition}
                  <foreach close=")" collection="criterion.value" item="listItem" open="(" separator=",">
                    #{listItem}
                  </foreach>
                </when>
              </choose>
            </foreach>
          </trim>
        </if>
      </foreach>
    </where>
  </sql>
  <sql id="Update_By_Example_Where_Clause">
    <where>
      <foreach collection="example.oredCriteria" item="criteria" separator="or">
        <if test="criteria.valid">
          <trim prefix="(" prefixOverrides="and" suffix=")">
            <foreach collection="criteria.criteria" item="criterion">
              <choose>
                <when test="criterion.noValue">
                  and ${criterion.condition}
                </when>
                <when test="criterion.singleValue">
                  and ${criterion.condition} #{criterion.value}
                </when>
                <when test="criterion.betweenValue">
                  and ${criterion.condition} #{criterion.value} and #{criterion.secondValue}
                </when>
                <when test="criterion.listValue">
                  and ${criterion.condition}
                  <foreach close=")" collection="criterion.value" item="listItem" open="(" separator=",">
                    #{listItem}
                  </foreach>
                </when>
              </choose>
            </foreach>
          </trim>
        </if>
      </foreach>
    </where>
  </sql>
  <sql id="Base_Column_List">
    id, be_report_discuss_id, discuss_content, user_of_discuss_id, report_user_id, is_dispose, 
    create_time, update_time
  </sql>
  <select id="selectByExample" parameterType="com.graduation.poetry.model.DiscussReportExample" resultMap="BaseResultMap">
    select
    <if test="distinct">
      distinct
    </if>
    <include refid="Base_Column_List" />
    from discuss_report
    <if test="_parameter != null">
      <include refid="Example_Where_Clause" />
    </if>
    <if test="orderByClause != null">
      order by ${orderByClause}
    </if>
  </select>
  <select id="selectByPrimaryKey" parameterType="java.lang.Long" resultMap="BaseResultMap">
    select 
    <include refid="Base_Column_List" />
    from discuss_report
    where id = #{id,jdbcType=BIGINT}
  </select>
  <delete id="deleteByPrimaryKey" parameterType="java.lang.Long">
    delete from discuss_report
    where id = #{id,jdbcType=BIGINT}
  </delete>
  <delete id="deleteByExample" parameterType="com.graduation.poetry.model.DiscussReportExample">
    delete from discuss_report
    <if test="_parameter != null">
      <include refid="Example_Where_Clause" />
    </if>
  </delete>
  <insert id="insert" parameterType="com.graduation.poetry.model.DiscussReport">
    <selectKey keyProperty="id" order="AFTER" resultType="java.lang.Long">
      SELECT LAST_INSERT_ID()
    </selectKey>
    insert into discuss_report (be_report_discuss_id, discuss_content, 
      user_of_discuss_id, report_user_id, is_dispose, 
      create_time, update_time)
    values (#{beReportDiscussId,jdbcType=BIGINT}, #{discussContent,jdbcType=VARCHAR}, 
      #{userOfDiscussId,jdbcType=BIGINT}, #{reportUserId,jdbcType=BIGINT}, #{isDispose,jdbcType=INTEGER}, 
      #{createTime,jdbcType=TIMESTAMP}, #{updateTime,jdbcType=TIMESTAMP})
  </insert>
  <insert id="insertSelective" parameterType="com.graduation.poetry.model.DiscussReport">
    <selectKey keyProperty="id" order="AFTER" resultType="java.lang.Long">
      SELECT LAST_INSERT_ID()
    </selectKey>
    insert into discuss_report
    <trim prefix="(" suffix=")" suffixOverrides=",">
      <if test="beReportDiscussId != null">
        be_report_discuss_id,
      </if>
      <if test="discussContent != null">
        discuss_content,
      </if>
      <if test="userOfDiscussId != null">
        user_of_discuss_id,
      </if>
      <if test="reportUserId != null">
        report_user_id,
      </if>
      <if test="isDispose != null">
        is_dispose,
      </if>
      <if test="createTime != null">
        create_time,
      </if>
      <if test="updateTime != null">
        update_time,
      </if>
    </trim>
    <trim prefix="values (" suffix=")" suffixOverrides=",">
      <if test="beReportDiscussId != null">
        #{beReportDiscussId,jdbcType=BIGINT},
      </if>
      <if test="discussContent != null">
        #{discussContent,jdbcType=VARCHAR},
      </if>
      <if test="userOfDiscussId != null">
        #{userOfDiscussId,jdbcType=BIGINT},
      </if>
      <if test="reportUserId != null">
        #{reportUserId,jdbcType=BIGINT},
      </if>
      <if test="isDispose != null">
        #{isDispose,jdbcType=INTEGER},
      </if>
      <if test="createTime != null">
        #{createTime,jdbcType=TIMESTAMP},
      </if>
      <if test="updateTime != null">
        #{updateTime,jdbcType=TIMESTAMP},
      </if>
    </trim>
  </insert>
  <select id="countByExample" parameterType="com.graduation.poetry.model.DiscussReportExample" resultType="java.lang.Long">
    select count(*) from discuss_report
    <if test="_parameter != null">
      <include refid="Example_Where_Clause" />
    </if>
  </select>
  <update id="updateByExampleSelective" parameterType="map">
    update discuss_report
    <set>
      <if test="record.id != null">
        id = #{record.id,jdbcType=BIGINT},
      </if>
      <if test="record.beReportDiscussId != null">
        be_report_discuss_id = #{record.beReportDiscussId,jdbcType=BIGINT},
      </if>
      <if test="record.discussContent != null">
        discuss_content = #{record.discussContent,jdbcType=VARCHAR},
      </if>
      <if test="record.userOfDiscussId != null">
        user_of_discuss_id = #{record.userOfDiscussId,jdbcType=BIGINT},
      </if>
      <if test="record.reportUserId != null">
        report_user_id = #{record.reportUserId,jdbcType=BIGINT},
      </if>
      <if test="record.isDispose != null">
        is_dispose = #{record.isDispose,jdbcType=INTEGER},
      </if>
      <if test="record.createTime != null">
        create_time = #{record.createTime,jdbcType=TIMESTAMP},
      </if>
      <if test="record.updateTime != null">
        update_time = #{record.updateTime,jdbcType=TIMESTAMP},
      </if>
    </set>
    <if test="_parameter != null">
      <include refid="Update_By_Example_Where_Clause" />
    </if>
  </update>
  <update id="updateByExample" parameterType="map">
    update discuss_report
    set id = #{record.id,jdbcType=BIGINT},
      be_report_discuss_id = #{record.beReportDiscussId,jdbcType=BIGINT},
      discuss_content = #{record.discussContent,jdbcType=VARCHAR},
      user_of_discuss_id = #{record.userOfDiscussId,jdbcType=BIGINT},
      report_user_id = #{record.reportUserId,jdbcType=BIGINT},
      is_dispose = #{record.isDispose,jdbcType=INTEGER},
      create_time = #{record.createTime,jdbcType=TIMESTAMP},
      update_time = #{record.updateTime,jdbcType=TIMESTAMP}
    <if test="_parameter != null">
      <include refid="Update_By_Example_Where_Clause" />
    </if>
  </update>
  <update id="updateByPrimaryKeySelective" parameterType="com.graduation.poetry.model.DiscussReport">
    update discuss_report
    <set>
      <if test="beReportDiscussId != null">
        be_report_discuss_id = #{beReportDiscussId,jdbcType=BIGINT},
      </if>
      <if test="discussContent != null">
        discuss_content = #{discussContent,jdbcType=VARCHAR},
      </if>
      <if test="userOfDiscussId != null">
        user_of_discuss_id = #{userOfDiscussId,jdbcType=BIGINT},
      </if>
      <if test="reportUserId != null">
        report_user_id = #{reportUserId,jdbcType=BIGINT},
      </if>
      <if test="isDispose != null">
        is_dispose = #{isDispose,jdbcType=INTEGER},
      </if>
      <if test="createTime != null">
        create_time = #{createTime,jdbcType=TIMESTAMP},
      </if>
      <if test="updateTime != null">
        update_time = #{updateTime,jdbcType=TIMESTAMP},
      </if>
    </set>
    where id = #{id,jdbcType=BIGINT}
  </update>
  <update id="updateByPrimaryKey" parameterType="com.graduation.poetry.model.DiscussReport">
    update discuss_report
    set be_report_discuss_id = #{beReportDiscussId,jdbcType=BIGINT},
      discuss_content = #{discussContent,jdbcType=VARCHAR},
      user_of_discuss_id = #{userOfDiscussId,jdbcType=BIGINT},
      report_user_id = #{reportUserId,jdbcType=BIGINT},
      is_dispose = #{isDispose,jdbcType=INTEGER},
      create_time = #{createTime,jdbcType=TIMESTAMP},
      update_time = #{updateTime,jdbcType=TIMESTAMP}
    where id = #{id,jdbcType=BIGINT}
  </update>
</mapper>