<?xml version="1.0" encoding="UTF-8"?>
<!DOCTYPE mapper PUBLIC "-//mybatis.org//DTD Mapper 3.0//EN" "http://mybatis.org/dtd/mybatis-3-mapper.dtd">
<mapper namespace="com.graduation.poetry.mapper.MessageMapper">
  <resultMap id="BaseResultMap" type="com.graduation.poetry.model.Message">
    <id column="id" jdbcType="BIGINT" property="id" />
    <result column="send_user_id" jdbcType="BIGINT" property="sendUserId" />
    <result column="receive_user_id" jdbcType="BIGINT" property="receiveUserId" />
    <result column="create_time" jdbcType="TIMESTAMP" property="createTime" />
    <result column="is_share_poetry" jdbcType="INTEGER" property="isSharePoetry" />
    <result column="share_poetry_id" jdbcType="BIGINT" property="sharePoetryId" />
    <result column="message_content" jdbcType="VARCHAR" property="messageContent" />
  </resultMap>
  <sql id="Example_Where_Clause">
    <where>
      <foreach collection="oredCriteria" item="criteria" separator="or">
        <if test="criteria.valid">
          <trim prefix="(" prefixOverrides="and" suffix=")">
            <foreach collection="criteria.criteria" item="criterion">
              <choose>
                <when test="criterion.noValue">
                  and ${criterion.condition}
                </when>
                <when test="criterion.singleValue">
                  and ${criterion.condition} #{criterion.value}
                </when>
                <when test="criterion.betweenValue">
                  and ${criterion.condition} #{criterion.value} and #{criterion.secondValue}
                </when>
                <when test="criterion.listValue">
                  and ${criterion.condition}
                  <foreach close=")" collection="criterion.value" item="listItem" open="(" separator=",">
                    #{listItem}
                  </foreach>
                </when>
              </choose>
            </foreach>
          </trim>
        </if>
      </foreach>
    </where>
  </sql>
  <sql id="Update_By_Example_Where_Clause">
    <where>
      <foreach collection="example.oredCriteria" item="criteria" separator="or">
        <if test="criteria.valid">
          <trim prefix="(" prefixOverrides="and" suffix=")">
            <foreach collection="criteria.criteria" item="criterion">
              <choose>
                <when test="criterion.noValue">
                  and ${criterion.condition}
                </when>
                <when test="criterion.singleValue">
                  and ${criterion.condition} #{criterion.value}
                </when>
                <when test="criterion.betweenValue">
                  and ${criterion.condition} #{criterion.value} and #{criterion.secondValue}
                </when>
                <when test="criterion.listValue">
                  and ${criterion.condition}
                  <foreach close=")" collection="criterion.value" item="listItem" open="(" separator=",">
                    #{listItem}
                  </foreach>
                </when>
              </choose>
            </foreach>
          </trim>
        </if>
      </foreach>
    </where>
  </sql>
  <sql id="Base_Column_List">
    id, send_user_id, receive_user_id, create_time, is_share_poetry, share_poetry_id, 
    message_content
  </sql>
  <select id="selectByExample" parameterType="com.graduation.poetry.model.MessageExample" resultMap="BaseResultMap">
    select
    <if test="distinct">
      distinct
    </if>
    <include refid="Base_Column_List" />
    from message
    <if test="_parameter != null">
      <include refid="Example_Where_Clause" />
    </if>
    <if test="orderByClause != null">
      order by ${orderByClause}
    </if>
  </select>
  <select id="selectByPrimaryKey" parameterType="java.lang.Long" resultMap="BaseResultMap">
    select 
    <include refid="Base_Column_List" />
    from message
    where id = #{id,jdbcType=BIGINT}
  </select>
  <delete id="deleteByPrimaryKey" parameterType="java.lang.Long">
    delete from message
    where id = #{id,jdbcType=BIGINT}
  </delete>
  <delete id="deleteByExample" parameterType="com.graduation.poetry.model.MessageExample">
    delete from message
    <if test="_parameter != null">
      <include refid="Example_Where_Clause" />
    </if>
  </delete>
  <insert id="insert" parameterType="com.graduation.poetry.model.Message">
    <selectKey keyProperty="id" order="AFTER" resultType="java.lang.Long">
      SELECT LAST_INSERT_ID()
    </selectKey>
    insert into message (send_user_id, receive_user_id, create_time, 
      is_share_poetry, share_poetry_id, message_content
      )
    values (#{sendUserId,jdbcType=BIGINT}, #{receiveUserId,jdbcType=BIGINT}, #{createTime,jdbcType=TIMESTAMP}, 
      #{isSharePoetry,jdbcType=INTEGER}, #{sharePoetryId,jdbcType=BIGINT}, #{messageContent,jdbcType=VARCHAR}
      )
  </insert>
  <insert id="insertSelective" parameterType="com.graduation.poetry.model.Message">
    <selectKey keyProperty="id" order="AFTER" resultType="java.lang.Long">
      SELECT LAST_INSERT_ID()
    </selectKey>
    insert into message
    <trim prefix="(" suffix=")" suffixOverrides=",">
      <if test="sendUserId != null">
        send_user_id,
      </if>
      <if test="receiveUserId != null">
        receive_user_id,
      </if>
      <if test="createTime != null">
        create_time,
      </if>
      <if test="isSharePoetry != null">
        is_share_poetry,
      </if>
      <if test="sharePoetryId != null">
        share_poetry_id,
      </if>
      <if test="messageContent != null">
        message_content,
      </if>
    </trim>
    <trim prefix="values (" suffix=")" suffixOverrides=",">
      <if test="sendUserId != null">
        #{sendUserId,jdbcType=BIGINT},
      </if>
      <if test="receiveUserId != null">
        #{receiveUserId,jdbcType=BIGINT},
      </if>
      <if test="createTime != null">
        #{createTime,jdbcType=TIMESTAMP},
      </if>
      <if test="isSharePoetry != null">
        #{isSharePoetry,jdbcType=INTEGER},
      </if>
      <if test="sharePoetryId != null">
        #{sharePoetryId,jdbcType=BIGINT},
      </if>
      <if test="messageContent != null">
        #{messageContent,jdbcType=VARCHAR},
      </if>
    </trim>
  </insert>
  <select id="countByExample" parameterType="com.graduation.poetry.model.MessageExample" resultType="java.lang.Long">
    select count(*) from message
    <if test="_parameter != null">
      <include refid="Example_Where_Clause" />
    </if>
  </select>
  <update id="updateByExampleSelective" parameterType="map">
    update message
    <set>
      <if test="record.id != null">
        id = #{record.id,jdbcType=BIGINT},
      </if>
      <if test="record.sendUserId != null">
        send_user_id = #{record.sendUserId,jdbcType=BIGINT},
      </if>
      <if test="record.receiveUserId != null">
        receive_user_id = #{record.receiveUserId,jdbcType=BIGINT},
      </if>
      <if test="record.createTime != null">
        create_time = #{record.createTime,jdbcType=TIMESTAMP},
      </if>
      <if test="record.isSharePoetry != null">
        is_share_poetry = #{record.isSharePoetry,jdbcType=INTEGER},
      </if>
      <if test="record.sharePoetryId != null">
        share_poetry_id = #{record.sharePoetryId,jdbcType=BIGINT},
      </if>
      <if test="record.messageContent != null">
        message_content = #{record.messageContent,jdbcType=VARCHAR},
      </if>
    </set>
    <if test="_parameter != null">
      <include refid="Update_By_Example_Where_Clause" />
    </if>
  </update>
  <update id="updateByExample" parameterType="map">
    update message
    set id = #{record.id,jdbcType=BIGINT},
      send_user_id = #{record.sendUserId,jdbcType=BIGINT},
      receive_user_id = #{record.receiveUserId,jdbcType=BIGINT},
      create_time = #{record.createTime,jdbcType=TIMESTAMP},
      is_share_poetry = #{record.isSharePoetry,jdbcType=INTEGER},
      share_poetry_id = #{record.sharePoetryId,jdbcType=BIGINT},
      message_content = #{record.messageContent,jdbcType=VARCHAR}
    <if test="_parameter != null">
      <include refid="Update_By_Example_Where_Clause" />
    </if>
  </update>
  <update id="updateByPrimaryKeySelective" parameterType="com.graduation.poetry.model.Message">
    update message
    <set>
      <if test="sendUserId != null">
        send_user_id = #{sendUserId,jdbcType=BIGINT},
      </if>
      <if test="receiveUserId != null">
        receive_user_id = #{receiveUserId,jdbcType=BIGINT},
      </if>
      <if test="createTime != null">
        create_time = #{createTime,jdbcType=TIMESTAMP},
      </if>
      <if test="isSharePoetry != null">
        is_share_poetry = #{isSharePoetry,jdbcType=INTEGER},
      </if>
      <if test="sharePoetryId != null">
        share_poetry_id = #{sharePoetryId,jdbcType=BIGINT},
      </if>
      <if test="messageContent != null">
        message_content = #{messageContent,jdbcType=VARCHAR},
      </if>
    </set>
    where id = #{id,jdbcType=BIGINT}
  </update>
  <update id="updateByPrimaryKey" parameterType="com.graduation.poetry.model.Message">
    update message
    set send_user_id = #{sendUserId,jdbcType=BIGINT},
      receive_user_id = #{receiveUserId,jdbcType=BIGINT},
      create_time = #{createTime,jdbcType=TIMESTAMP},
      is_share_poetry = #{isSharePoetry,jdbcType=INTEGER},
      share_poetry_id = #{sharePoetryId,jdbcType=BIGINT},
      message_content = #{messageContent,jdbcType=VARCHAR}
    where id = #{id,jdbcType=BIGINT}
  </update>
</mapper>