<?xml version="1.0" encoding="UTF-8"?>
<!DOCTYPE mapper PUBLIC "-//mybatis.org//DTD Mapper 3.0//EN" "http://mybatis.org/dtd/mybatis-3-mapper.dtd">
<mapper namespace="com.graduation.poetry.mapper.PoetryTypeRelationMapper">
  <resultMap id="BaseResultMap" type="com.graduation.poetry.model.PoetryTypeRelation">
    <id column="id" jdbcType="BIGINT" property="id" />
    <result column="poetry_name" jdbcType="VARCHAR" property="poetryName" />
    <result column="poetry_type_id" jdbcType="BIGINT" property="poetryTypeId" />
    <result column="create_time" jdbcType="TIMESTAMP" property="createTime" />
    <result column="update_time" jdbcType="TIMESTAMP" property="updateTime" />
    <result column="poetry_content" jdbcType="VARCHAR" property="poetryContent" />
    <result column="poetry_author" jdbcType="VARCHAR" property="poetryAuthor" />
    <result column="peotry_dynasty" jdbcType="VARCHAR" property="peotryDynasty" />
  </resultMap>
  <sql id="Example_Where_Clause">
    <where>
      <foreach collection="oredCriteria" item="criteria" separator="or">
        <if test="criteria.valid">
          <trim prefix="(" prefixOverrides="and" suffix=")">
            <foreach collection="criteria.criteria" item="criterion">
              <choose>
                <when test="criterion.noValue">
                  and ${criterion.condition}
                </when>
                <when test="criterion.singleValue">
                  and ${criterion.condition} #{criterion.value}
                </when>
                <when test="criterion.betweenValue">
                  and ${criterion.condition} #{criterion.value} and #{criterion.secondValue}
                </when>
                <when test="criterion.listValue">
                  and ${criterion.condition}
                  <foreach close=")" collection="criterion.value" item="listItem" open="(" separator=",">
                    #{listItem}
                  </foreach>
                </when>
              </choose>
            </foreach>
          </trim>
        </if>
      </foreach>
    </where>
  </sql>
  <sql id="Update_By_Example_Where_Clause">
    <where>
      <foreach collection="example.oredCriteria" item="criteria" separator="or">
        <if test="criteria.valid">
          <trim prefix="(" prefixOverrides="and" suffix=")">
            <foreach collection="criteria.criteria" item="criterion">
              <choose>
                <when test="criterion.noValue">
                  and ${criterion.condition}
                </when>
                <when test="criterion.singleValue">
                  and ${criterion.condition} #{criterion.value}
                </when>
                <when test="criterion.betweenValue">
                  and ${criterion.condition} #{criterion.value} and #{criterion.secondValue}
                </when>
                <when test="criterion.listValue">
                  and ${criterion.condition}
                  <foreach close=")" collection="criterion.value" item="listItem" open="(" separator=",">
                    #{listItem}
                  </foreach>
                </when>
              </choose>
            </foreach>
          </trim>
        </if>
      </foreach>
    </where>
  </sql>
  <sql id="Base_Column_List">
    id, poetry_name, poetry_type_id, create_time, update_time, poetry_content, poetry_author, 
    peotry_dynasty
  </sql>
  <select id="selectByExample" parameterType="com.graduation.poetry.model.PoetryTypeRelationExample" resultMap="BaseResultMap">
    select
    <if test="distinct">
      distinct
    </if>
    <include refid="Base_Column_List" />
    from poetry_type_relation
    <if test="_parameter != null">
      <include refid="Example_Where_Clause" />
    </if>
    <if test="orderByClause != null">
      order by ${orderByClause}
    </if>
  </select>
  <select id="selectByPrimaryKey" parameterType="java.lang.Long" resultMap="BaseResultMap">
    select 
    <include refid="Base_Column_List" />
    from poetry_type_relation
    where id = #{id,jdbcType=BIGINT}
  </select>
  <delete id="deleteByPrimaryKey" parameterType="java.lang.Long">
    delete from poetry_type_relation
    where id = #{id,jdbcType=BIGINT}
  </delete>
  <delete id="deleteByExample" parameterType="com.graduation.poetry.model.PoetryTypeRelationExample">
    delete from poetry_type_relation
    <if test="_parameter != null">
      <include refid="Example_Where_Clause" />
    </if>
  </delete>
  <insert id="insert" parameterType="com.graduation.poetry.model.PoetryTypeRelation">
    <selectKey keyProperty="id" order="AFTER" resultType="java.lang.Long">
      SELECT LAST_INSERT_ID()
    </selectKey>
    insert into poetry_type_relation (poetry_name, poetry_type_id, create_time, 
      update_time, poetry_content, poetry_author, 
      peotry_dynasty)
    values (#{poetryName,jdbcType=VARCHAR}, #{poetryTypeId,jdbcType=BIGINT}, #{createTime,jdbcType=TIMESTAMP}, 
      #{updateTime,jdbcType=TIMESTAMP}, #{poetryContent,jdbcType=VARCHAR}, #{poetryAuthor,jdbcType=VARCHAR}, 
      #{peotryDynasty,jdbcType=VARCHAR})
  </insert>
  <insert id="insertSelective" parameterType="com.graduation.poetry.model.PoetryTypeRelation">
    <selectKey keyProperty="id" order="AFTER" resultType="java.lang.Long">
      SELECT LAST_INSERT_ID()
    </selectKey>
    insert into poetry_type_relation
    <trim prefix="(" suffix=")" suffixOverrides=",">
      <if test="poetryName != null">
        poetry_name,
      </if>
      <if test="poetryTypeId != null">
        poetry_type_id,
      </if>
      <if test="createTime != null">
        create_time,
      </if>
      <if test="updateTime != null">
        update_time,
      </if>
      <if test="poetryContent != null">
        poetry_content,
      </if>
      <if test="poetryAuthor != null">
        poetry_author,
      </if>
      <if test="peotryDynasty != null">
        peotry_dynasty,
      </if>
    </trim>
    <trim prefix="values (" suffix=")" suffixOverrides=",">
      <if test="poetryName != null">
        #{poetryName,jdbcType=VARCHAR},
      </if>
      <if test="poetryTypeId != null">
        #{poetryTypeId,jdbcType=BIGINT},
      </if>
      <if test="createTime != null">
        #{createTime,jdbcType=TIMESTAMP},
      </if>
      <if test="updateTime != null">
        #{updateTime,jdbcType=TIMESTAMP},
      </if>
      <if test="poetryContent != null">
        #{poetryContent,jdbcType=VARCHAR},
      </if>
      <if test="poetryAuthor != null">
        #{poetryAuthor,jdbcType=VARCHAR},
      </if>
      <if test="peotryDynasty != null">
        #{peotryDynasty,jdbcType=VARCHAR},
      </if>
    </trim>
  </insert>
  <select id="countByExample" parameterType="com.graduation.poetry.model.PoetryTypeRelationExample" resultType="java.lang.Long">
    select count(*) from poetry_type_relation
    <if test="_parameter != null">
      <include refid="Example_Where_Clause" />
    </if>
  </select>
  <update id="updateByExampleSelective" parameterType="map">
    update poetry_type_relation
    <set>
      <if test="record.id != null">
        id = #{record.id,jdbcType=BIGINT},
      </if>
      <if test="record.poetryName != null">
        poetry_name = #{record.poetryName,jdbcType=VARCHAR},
      </if>
      <if test="record.poetryTypeId != null">
        poetry_type_id = #{record.poetryTypeId,jdbcType=BIGINT},
      </if>
      <if test="record.createTime != null">
        create_time = #{record.createTime,jdbcType=TIMESTAMP},
      </if>
      <if test="record.updateTime != null">
        update_time = #{record.updateTime,jdbcType=TIMESTAMP},
      </if>
      <if test="record.poetryContent != null">
        poetry_content = #{record.poetryContent,jdbcType=VARCHAR},
      </if>
      <if test="record.poetryAuthor != null">
        poetry_author = #{record.poetryAuthor,jdbcType=VARCHAR},
      </if>
      <if test="record.peotryDynasty != null">
        peotry_dynasty = #{record.peotryDynasty,jdbcType=VARCHAR},
      </if>
    </set>
    <if test="_parameter != null">
      <include refid="Update_By_Example_Where_Clause" />
    </if>
  </update>
  <update id="updateByExample" parameterType="map">
    update poetry_type_relation
    set id = #{record.id,jdbcType=BIGINT},
      poetry_name = #{record.poetryName,jdbcType=VARCHAR},
      poetry_type_id = #{record.poetryTypeId,jdbcType=BIGINT},
      create_time = #{record.createTime,jdbcType=TIMESTAMP},
      update_time = #{record.updateTime,jdbcType=TIMESTAMP},
      poetry_content = #{record.poetryContent,jdbcType=VARCHAR},
      poetry_author = #{record.poetryAuthor,jdbcType=VARCHAR},
      peotry_dynasty = #{record.peotryDynasty,jdbcType=VARCHAR}
    <if test="_parameter != null">
      <include refid="Update_By_Example_Where_Clause" />
    </if>
  </update>
  <update id="updateByPrimaryKeySelective" parameterType="com.graduation.poetry.model.PoetryTypeRelation">
    update poetry_type_relation
    <set>
      <if test="poetryName != null">
        poetry_name = #{poetryName,jdbcType=VARCHAR},
      </if>
      <if test="poetryTypeId != null">
        poetry_type_id = #{poetryTypeId,jdbcType=BIGINT},
      </if>
      <if test="createTime != null">
        create_time = #{createTime,jdbcType=TIMESTAMP},
      </if>
      <if test="updateTime != null">
        update_time = #{updateTime,jdbcType=TIMESTAMP},
      </if>
      <if test="poetryContent != null">
        poetry_content = #{poetryContent,jdbcType=VARCHAR},
      </if>
      <if test="poetryAuthor != null">
        poetry_author = #{poetryAuthor,jdbcType=VARCHAR},
      </if>
      <if test="peotryDynasty != null">
        peotry_dynasty = #{peotryDynasty,jdbcType=VARCHAR},
      </if>
    </set>
    where id = #{id,jdbcType=BIGINT}
  </update>
  <update id="updateByPrimaryKey" parameterType="com.graduation.poetry.model.PoetryTypeRelation">
    update poetry_type_relation
    set poetry_name = #{poetryName,jdbcType=VARCHAR},
      poetry_type_id = #{poetryTypeId,jdbcType=BIGINT},
      create_time = #{createTime,jdbcType=TIMESTAMP},
      update_time = #{updateTime,jdbcType=TIMESTAMP},
      poetry_content = #{poetryContent,jdbcType=VARCHAR},
      poetry_author = #{poetryAuthor,jdbcType=VARCHAR},
      peotry_dynasty = #{peotryDynasty,jdbcType=VARCHAR}
    where id = #{id,jdbcType=BIGINT}
  </update>
</mapper>