<?xml version="1.0" encoding="UTF-8"?>
<!DOCTYPE mapper PUBLIC "-//mybatis.org//DTD Mapper 3.0//EN" "http://mybatis.org/dtd/mybatis-3-mapper.dtd">
<mapper namespace="com.graduation.poetry.mapper.PoetryContentMapper">
  <resultMap id="BaseResultMap" type="com.graduation.poetry.model.PoetryContent">
    <id column="id" jdbcType="BIGINT" property="id" />
    <result column="author_id" jdbcType="BIGINT" property="authorId" />
    <result column="author" jdbcType="VARCHAR" property="author" />
    <result column="poetry_name" jdbcType="VARCHAR" property="poetryName" />
    <result column="poetry_content" jdbcType="VARCHAR" property="poetryContent" />
    <result column="poetry_translate" jdbcType="VARCHAR" property="poetryTranslate" />
    <result column="poetry_annotation" jdbcType="VARCHAR" property="poetryAnnotation" />
    <result column="poetry_background" jdbcType="VARCHAR" property="poetryBackground" />
    <result column="update_time" jdbcType="TIMESTAMP" property="updateTime" />
    <result column="create_time" jdbcType="TIMESTAMP" property="createTime" />
  </resultMap>
  <sql id="Example_Where_Clause">
    <where>
      <foreach collection="oredCriteria" item="criteria" separator="or">
        <if test="criteria.valid">
          <trim prefix="(" prefixOverrides="and" suffix=")">
            <foreach collection="criteria.criteria" item="criterion">
              <choose>
                <when test="criterion.noValue">
                  and ${criterion.condition}
                </when>
                <when test="criterion.singleValue">
                  and ${criterion.condition} #{criterion.value}
                </when>
                <when test="criterion.betweenValue">
                  and ${criterion.condition} #{criterion.value} and #{criterion.secondValue}
                </when>
                <when test="criterion.listValue">
                  and ${criterion.condition}
                  <foreach close=")" collection="criterion.value" item="listItem" open="(" separator=",">
                    #{listItem}
                  </foreach>
                </when>
              </choose>
            </foreach>
          </trim>
        </if>
      </foreach>
    </where>
  </sql>
  <sql id="Update_By_Example_Where_Clause">
    <where>
      <foreach collection="example.oredCriteria" item="criteria" separator="or">
        <if test="criteria.valid">
          <trim prefix="(" prefixOverrides="and" suffix=")">
            <foreach collection="criteria.criteria" item="criterion">
              <choose>
                <when test="criterion.noValue">
                  and ${criterion.condition}
                </when>
                <when test="criterion.singleValue">
                  and ${criterion.condition} #{criterion.value}
                </when>
                <when test="criterion.betweenValue">
                  and ${criterion.condition} #{criterion.value} and #{criterion.secondValue}
                </when>
                <when test="criterion.listValue">
                  and ${criterion.condition}
                  <foreach close=")" collection="criterion.value" item="listItem" open="(" separator=",">
                    #{listItem}
                  </foreach>
                </when>
              </choose>
            </foreach>
          </trim>
        </if>
      </foreach>
    </where>
  </sql>
  <sql id="Base_Column_List">
    id, author_id, author, poetry_name, poetry_content, poetry_translate, poetry_annotation, 
    poetry_background, update_time, create_time
  </sql>
  <select id="selectByExample" parameterType="com.graduation.poetry.model.PoetryContentExample" resultMap="BaseResultMap">
    select
    <if test="distinct">
      distinct
    </if>
    <include refid="Base_Column_List" />
    from poetry_content
    <if test="_parameter != null">
      <include refid="Example_Where_Clause" />
    </if>
    <if test="orderByClause != null">
      order by ${orderByClause}
    </if>
  </select>
  <select id="selectByPrimaryKey" parameterType="java.lang.Long" resultMap="BaseResultMap">
    select 
    <include refid="Base_Column_List" />
    from poetry_content
    where id = #{id,jdbcType=BIGINT}
  </select>
  <delete id="deleteByPrimaryKey" parameterType="java.lang.Long">
    delete from poetry_content
    where id = #{id,jdbcType=BIGINT}
  </delete>
  <delete id="deleteByExample" parameterType="com.graduation.poetry.model.PoetryContentExample">
    delete from poetry_content
    <if test="_parameter != null">
      <include refid="Example_Where_Clause" />
    </if>
  </delete>
  <insert id="insert" parameterType="com.graduation.poetry.model.PoetryContent">
    <selectKey keyProperty="id" order="AFTER" resultType="java.lang.Long">
      SELECT LAST_INSERT_ID()
    </selectKey>
    insert into poetry_content (author_id, author, poetry_name, 
      poetry_content, poetry_translate, poetry_annotation, 
      poetry_background, update_time, create_time
      )
    values (#{authorId,jdbcType=BIGINT}, #{author,jdbcType=VARCHAR}, #{poetryName,jdbcType=VARCHAR}, 
      #{poetryContent,jdbcType=VARCHAR}, #{poetryTranslate,jdbcType=VARCHAR}, #{poetryAnnotation,jdbcType=VARCHAR}, 
      #{poetryBackground,jdbcType=VARCHAR}, #{updateTime,jdbcType=TIMESTAMP}, #{createTime,jdbcType=TIMESTAMP}
      )
  </insert>
  <insert id="insertSelective" parameterType="com.graduation.poetry.model.PoetryContent">
    <selectKey keyProperty="id" order="AFTER" resultType="java.lang.Long">
      SELECT LAST_INSERT_ID()
    </selectKey>
    insert into poetry_content
    <trim prefix="(" suffix=")" suffixOverrides=",">
      <if test="authorId != null">
        author_id,
      </if>
      <if test="author != null">
        author,
      </if>
      <if test="poetryName != null">
        poetry_name,
      </if>
      <if test="poetryContent != null">
        poetry_content,
      </if>
      <if test="poetryTranslate != null">
        poetry_translate,
      </if>
      <if test="poetryAnnotation != null">
        poetry_annotation,
      </if>
      <if test="poetryBackground != null">
        poetry_background,
      </if>
      <if test="updateTime != null">
        update_time,
      </if>
      <if test="createTime != null">
        create_time,
      </if>
    </trim>
    <trim prefix="values (" suffix=")" suffixOverrides=",">
      <if test="authorId != null">
        #{authorId,jdbcType=BIGINT},
      </if>
      <if test="author != null">
        #{author,jdbcType=VARCHAR},
      </if>
      <if test="poetryName != null">
        #{poetryName,jdbcType=VARCHAR},
      </if>
      <if test="poetryContent != null">
        #{poetryContent,jdbcType=VARCHAR},
      </if>
      <if test="poetryTranslate != null">
        #{poetryTranslate,jdbcType=VARCHAR},
      </if>
      <if test="poetryAnnotation != null">
        #{poetryAnnotation,jdbcType=VARCHAR},
      </if>
      <if test="poetryBackground != null">
        #{poetryBackground,jdbcType=VARCHAR},
      </if>
      <if test="updateTime != null">
        #{updateTime,jdbcType=TIMESTAMP},
      </if>
      <if test="createTime != null">
        #{createTime,jdbcType=TIMESTAMP},
      </if>
    </trim>
  </insert>
  <select id="countByExample" parameterType="com.graduation.poetry.model.PoetryContentExample" resultType="java.lang.Long">
    select count(*) from poetry_content
    <if test="_parameter != null">
      <include refid="Example_Where_Clause" />
    </if>
  </select>
  <update id="updateByExampleSelective" parameterType="map">
    update poetry_content
    <set>
      <if test="record.id != null">
        id = #{record.id,jdbcType=BIGINT},
      </if>
      <if test="record.authorId != null">
        author_id = #{record.authorId,jdbcType=BIGINT},
      </if>
      <if test="record.author != null">
        author = #{record.author,jdbcType=VARCHAR},
      </if>
      <if test="record.poetryName != null">
        poetry_name = #{record.poetryName,jdbcType=VARCHAR},
      </if>
      <if test="record.poetryContent != null">
        poetry_content = #{record.poetryContent,jdbcType=VARCHAR},
      </if>
      <if test="record.poetryTranslate != null">
        poetry_translate = #{record.poetryTranslate,jdbcType=VARCHAR},
      </if>
      <if test="record.poetryAnnotation != null">
        poetry_annotation = #{record.poetryAnnotation,jdbcType=VARCHAR},
      </if>
      <if test="record.poetryBackground != null">
        poetry_background = #{record.poetryBackground,jdbcType=VARCHAR},
      </if>
      <if test="record.updateTime != null">
        update_time = #{record.updateTime,jdbcType=TIMESTAMP},
      </if>
      <if test="record.createTime != null">
        create_time = #{record.createTime,jdbcType=TIMESTAMP},
      </if>
    </set>
    <if test="_parameter != null">
      <include refid="Update_By_Example_Where_Clause" />
    </if>
  </update>
  <update id="updateByExample" parameterType="map">
    update poetry_content
    set id = #{record.id,jdbcType=BIGINT},
      author_id = #{record.authorId,jdbcType=BIGINT},
      author = #{record.author,jdbcType=VARCHAR},
      poetry_name = #{record.poetryName,jdbcType=VARCHAR},
      poetry_content = #{record.poetryContent,jdbcType=VARCHAR},
      poetry_translate = #{record.poetryTranslate,jdbcType=VARCHAR},
      poetry_annotation = #{record.poetryAnnotation,jdbcType=VARCHAR},
      poetry_background = #{record.poetryBackground,jdbcType=VARCHAR},
      update_time = #{record.updateTime,jdbcType=TIMESTAMP},
      create_time = #{record.createTime,jdbcType=TIMESTAMP}
    <if test="_parameter != null">
      <include refid="Update_By_Example_Where_Clause" />
    </if>
  </update>
  <update id="updateByPrimaryKeySelective" parameterType="com.graduation.poetry.model.PoetryContent">
    update poetry_content
    <set>
      <if test="authorId != null">
        author_id = #{authorId,jdbcType=BIGINT},
      </if>
      <if test="author != null">
        author = #{author,jdbcType=VARCHAR},
      </if>
      <if test="poetryName != null">
        poetry_name = #{poetryName,jdbcType=VARCHAR},
      </if>
      <if test="poetryContent != null">
        poetry_content = #{poetryContent,jdbcType=VARCHAR},
      </if>
      <if test="poetryTranslate != null">
        poetry_translate = #{poetryTranslate,jdbcType=VARCHAR},
      </if>
      <if test="poetryAnnotation != null">
        poetry_annotation = #{poetryAnnotation,jdbcType=VARCHAR},
      </if>
      <if test="poetryBackground != null">
        poetry_background = #{poetryBackground,jdbcType=VARCHAR},
      </if>
      <if test="updateTime != null">
        update_time = #{updateTime,jdbcType=TIMESTAMP},
      </if>
      <if test="createTime != null">
        create_time = #{createTime,jdbcType=TIMESTAMP},
      </if>
    </set>
    where id = #{id,jdbcType=BIGINT}
  </update>
  <update id="updateByPrimaryKey" parameterType="com.graduation.poetry.model.PoetryContent">
    update poetry_content
    set author_id = #{authorId,jdbcType=BIGINT},
      author = #{author,jdbcType=VARCHAR},
      poetry_name = #{poetryName,jdbcType=VARCHAR},
      poetry_content = #{poetryContent,jdbcType=VARCHAR},
      poetry_translate = #{poetryTranslate,jdbcType=VARCHAR},
      poetry_annotation = #{poetryAnnotation,jdbcType=VARCHAR},
      poetry_background = #{poetryBackground,jdbcType=VARCHAR},
      update_time = #{updateTime,jdbcType=TIMESTAMP},
      create_time = #{createTime,jdbcType=TIMESTAMP}
    where id = #{id,jdbcType=BIGINT}
  </update>
</mapper>