<?xml version="1.0" encoding="UTF-8"?>
<!DOCTYPE mapper PUBLIC "-//mybatis.org//DTD Mapper 3.0//EN" "http://mybatis.org/dtd/mybatis-3-mapper.dtd">
<mapper namespace="com.graduation.poetry.mapper.PoetryDiscussMapper">
  <resultMap id="BaseResultMap" type="com.graduation.poetry.model.PoetryDiscuss">
    <id column="id" jdbcType="BIGINT" property="id" />
    <result column="poetry_discuss" jdbcType="VARCHAR" property="poetryDiscuss" />
    <result column="poetry_id" jdbcType="BIGINT" property="poetryId" />
    <result column="support_num" jdbcType="BIGINT" property="supportNum" />
    <result column="create_time" jdbcType="TIMESTAMP" property="createTime" />
    <result column="update_time" jdbcType="TIMESTAMP" property="updateTime" />
    <result column="is_reply" jdbcType="INTEGER" property="isReply" />
    <result column="reply_discuss_id" jdbcType="BIGINT" property="replyDiscussId" />
    <result column="is_delete" jdbcType="INTEGER" property="isDelete" />
    <result column="user_id" jdbcType="BIGINT" property="userId" />
    <result column="be_report" jdbcType="INTEGER" property="beReport" />
  </resultMap>
  <sql id="Example_Where_Clause">
    <where>
      <foreach collection="oredCriteria" item="criteria" separator="or">
        <if test="criteria.valid">
          <trim prefix="(" prefixOverrides="and" suffix=")">
            <foreach collection="criteria.criteria" item="criterion">
              <choose>
                <when test="criterion.noValue">
                  and ${criterion.condition}
                </when>
                <when test="criterion.singleValue">
                  and ${criterion.condition} #{criterion.value}
                </when>
                <when test="criterion.betweenValue">
                  and ${criterion.condition} #{criterion.value} and #{criterion.secondValue}
                </when>
                <when test="criterion.listValue">
                  and ${criterion.condition}
                  <foreach close=")" collection="criterion.value" item="listItem" open="(" separator=",">
                    #{listItem}
                  </foreach>
                </when>
              </choose>
            </foreach>
          </trim>
        </if>
      </foreach>
    </where>
  </sql>
  <sql id="Update_By_Example_Where_Clause">
    <where>
      <foreach collection="example.oredCriteria" item="criteria" separator="or">
        <if test="criteria.valid">
          <trim prefix="(" prefixOverrides="and" suffix=")">
            <foreach collection="criteria.criteria" item="criterion">
              <choose>
                <when test="criterion.noValue">
                  and ${criterion.condition}
                </when>
                <when test="criterion.singleValue">
                  and ${criterion.condition} #{criterion.value}
                </when>
                <when test="criterion.betweenValue">
                  and ${criterion.condition} #{criterion.value} and #{criterion.secondValue}
                </when>
                <when test="criterion.listValue">
                  and ${criterion.condition}
                  <foreach close=")" collection="criterion.value" item="listItem" open="(" separator=",">
                    #{listItem}
                  </foreach>
                </when>
              </choose>
            </foreach>
          </trim>
        </if>
      </foreach>
    </where>
  </sql>
  <sql id="Base_Column_List">
    id, poetry_discuss, poetry_id, support_num, create_time, update_time, is_reply, reply_discuss_id, 
    is_delete, user_id, be_report
  </sql>
  <select id="selectByExample" parameterType="com.graduation.poetry.model.PoetryDiscussExample" resultMap="BaseResultMap">
    select
    <if test="distinct">
      distinct
    </if>
    <include refid="Base_Column_List" />
    from poetry_discuss
    <if test="_parameter != null">
      <include refid="Example_Where_Clause" />
    </if>
    <if test="orderByClause != null">
      order by ${orderByClause}
    </if>
  </select>
  <select id="selectByPrimaryKey" parameterType="java.lang.Long" resultMap="BaseResultMap">
    select 
    <include refid="Base_Column_List" />
    from poetry_discuss
    where id = #{id,jdbcType=BIGINT}
  </select>
  <delete id="deleteByPrimaryKey" parameterType="java.lang.Long">
    delete from poetry_discuss
    where id = #{id,jdbcType=BIGINT}
  </delete>
  <delete id="deleteByExample" parameterType="com.graduation.poetry.model.PoetryDiscussExample">
    delete from poetry_discuss
    <if test="_parameter != null">
      <include refid="Example_Where_Clause" />
    </if>
  </delete>
  <insert id="insert" parameterType="com.graduation.poetry.model.PoetryDiscuss">
    <selectKey keyProperty="id" order="AFTER" resultType="java.lang.Long">
      SELECT LAST_INSERT_ID()
    </selectKey>
    insert into poetry_discuss (poetry_discuss, poetry_id, support_num, 
      create_time, update_time, is_reply, 
      reply_discuss_id, is_delete, user_id, 
      be_report)
    values (#{poetryDiscuss,jdbcType=VARCHAR}, #{poetryId,jdbcType=BIGINT}, #{supportNum,jdbcType=BIGINT}, 
      #{createTime,jdbcType=TIMESTAMP}, #{updateTime,jdbcType=TIMESTAMP}, #{isReply,jdbcType=INTEGER}, 
      #{replyDiscussId,jdbcType=BIGINT}, #{isDelete,jdbcType=INTEGER}, #{userId,jdbcType=BIGINT}, 
      #{beReport,jdbcType=INTEGER})
  </insert>
  <insert id="insertSelective" parameterType="com.graduation.poetry.model.PoetryDiscuss">
    <selectKey keyProperty="id" order="AFTER" resultType="java.lang.Long">
      SELECT LAST_INSERT_ID()
    </selectKey>
    insert into poetry_discuss
    <trim prefix="(" suffix=")" suffixOverrides=",">
      <if test="poetryDiscuss != null">
        poetry_discuss,
      </if>
      <if test="poetryId != null">
        poetry_id,
      </if>
      <if test="supportNum != null">
        support_num,
      </if>
      <if test="createTime != null">
        create_time,
      </if>
      <if test="updateTime != null">
        update_time,
      </if>
      <if test="isReply != null">
        is_reply,
      </if>
      <if test="replyDiscussId != null">
        reply_discuss_id,
      </if>
      <if test="isDelete != null">
        is_delete,
      </if>
      <if test="userId != null">
        user_id,
      </if>
      <if test="beReport != null">
        be_report,
      </if>
    </trim>
    <trim prefix="values (" suffix=")" suffixOverrides=",">
      <if test="poetryDiscuss != null">
        #{poetryDiscuss,jdbcType=VARCHAR},
      </if>
      <if test="poetryId != null">
        #{poetryId,jdbcType=BIGINT},
      </if>
      <if test="supportNum != null">
        #{supportNum,jdbcType=BIGINT},
      </if>
      <if test="createTime != null">
        #{createTime,jdbcType=TIMESTAMP},
      </if>
      <if test="updateTime != null">
        #{updateTime,jdbcType=TIMESTAMP},
      </if>
      <if test="isReply != null">
        #{isReply,jdbcType=INTEGER},
      </if>
      <if test="replyDiscussId != null">
        #{replyDiscussId,jdbcType=BIGINT},
      </if>
      <if test="isDelete != null">
        #{isDelete,jdbcType=INTEGER},
      </if>
      <if test="userId != null">
        #{userId,jdbcType=BIGINT},
      </if>
      <if test="beReport != null">
        #{beReport,jdbcType=INTEGER},
      </if>
    </trim>
  </insert>
  <select id="countByExample" parameterType="com.graduation.poetry.model.PoetryDiscussExample" resultType="java.lang.Long">
    select count(*) from poetry_discuss
    <if test="_parameter != null">
      <include refid="Example_Where_Clause" />
    </if>
  </select>
  <update id="updateByExampleSelective" parameterType="map">
    update poetry_discuss
    <set>
      <if test="record.id != null">
        id = #{record.id,jdbcType=BIGINT},
      </if>
      <if test="record.poetryDiscuss != null">
        poetry_discuss = #{record.poetryDiscuss,jdbcType=VARCHAR},
      </if>
      <if test="record.poetryId != null">
        poetry_id = #{record.poetryId,jdbcType=BIGINT},
      </if>
      <if test="record.supportNum != null">
        support_num = #{record.supportNum,jdbcType=BIGINT},
      </if>
      <if test="record.createTime != null">
        create_time = #{record.createTime,jdbcType=TIMESTAMP},
      </if>
      <if test="record.updateTime != null">
        update_time = #{record.updateTime,jdbcType=TIMESTAMP},
      </if>
      <if test="record.isReply != null">
        is_reply = #{record.isReply,jdbcType=INTEGER},
      </if>
      <if test="record.replyDiscussId != null">
        reply_discuss_id = #{record.replyDiscussId,jdbcType=BIGINT},
      </if>
      <if test="record.isDelete != null">
        is_delete = #{record.isDelete,jdbcType=INTEGER},
      </if>
      <if test="record.userId != null">
        user_id = #{record.userId,jdbcType=BIGINT},
      </if>
      <if test="record.beReport != null">
        be_report = #{record.beReport,jdbcType=INTEGER},
      </if>
    </set>
    <if test="_parameter != null">
      <include refid="Update_By_Example_Where_Clause" />
    </if>
  </update>
  <update id="updateByExample" parameterType="map">
    update poetry_discuss
    set id = #{record.id,jdbcType=BIGINT},
      poetry_discuss = #{record.poetryDiscuss,jdbcType=VARCHAR},
      poetry_id = #{record.poetryId,jdbcType=BIGINT},
      support_num = #{record.supportNum,jdbcType=BIGINT},
      create_time = #{record.createTime,jdbcType=TIMESTAMP},
      update_time = #{record.updateTime,jdbcType=TIMESTAMP},
      is_reply = #{record.isReply,jdbcType=INTEGER},
      reply_discuss_id = #{record.replyDiscussId,jdbcType=BIGINT},
      is_delete = #{record.isDelete,jdbcType=INTEGER},
      user_id = #{record.userId,jdbcType=BIGINT},
      be_report = #{record.beReport,jdbcType=INTEGER}
    <if test="_parameter != null">
      <include refid="Update_By_Example_Where_Clause" />
    </if>
  </update>
  <update id="updateByPrimaryKeySelective" parameterType="com.graduation.poetry.model.PoetryDiscuss">
    update poetry_discuss
    <set>
      <if test="poetryDiscuss != null">
        poetry_discuss = #{poetryDiscuss,jdbcType=VARCHAR},
      </if>
      <if test="poetryId != null">
        poetry_id = #{poetryId,jdbcType=BIGINT},
      </if>
      <if test="supportNum != null">
        support_num = #{supportNum,jdbcType=BIGINT},
      </if>
      <if test="createTime != null">
        create_time = #{createTime,jdbcType=TIMESTAMP},
      </if>
      <if test="updateTime != null">
        update_time = #{updateTime,jdbcType=TIMESTAMP},
      </if>
      <if test="isReply != null">
        is_reply = #{isReply,jdbcType=INTEGER},
      </if>
      <if test="replyDiscussId != null">
        reply_discuss_id = #{replyDiscussId,jdbcType=BIGINT},
      </if>
      <if test="isDelete != null">
        is_delete = #{isDelete,jdbcType=INTEGER},
      </if>
      <if test="userId != null">
        user_id = #{userId,jdbcType=BIGINT},
      </if>
      <if test="beReport != null">
        be_report = #{beReport,jdbcType=INTEGER},
      </if>
    </set>
    where id = #{id,jdbcType=BIGINT}
  </update>
  <update id="updateByPrimaryKey" parameterType="com.graduation.poetry.model.PoetryDiscuss">
    update poetry_discuss
    set poetry_discuss = #{poetryDiscuss,jdbcType=VARCHAR},
      poetry_id = #{poetryId,jdbcType=BIGINT},
      support_num = #{supportNum,jdbcType=BIGINT},
      create_time = #{createTime,jdbcType=TIMESTAMP},
      update_time = #{updateTime,jdbcType=TIMESTAMP},
      is_reply = #{isReply,jdbcType=INTEGER},
      reply_discuss_id = #{replyDiscussId,jdbcType=BIGINT},
      is_delete = #{isDelete,jdbcType=INTEGER},
      user_id = #{userId,jdbcType=BIGINT},
      be_report = #{beReport,jdbcType=INTEGER}
    where id = #{id,jdbcType=BIGINT}
  </update>
</mapper>