<?xml version="1.0" encoding="UTF-8"?>
<!DOCTYPE mapper PUBLIC "-//mybatis.org//DTD Mapper 3.0//EN" "http://mybatis.org/dtd/mybatis-3-mapper.dtd">
<mapper namespace="com.graduation.poetry.mapper.UserPracticeMapper">
  <resultMap id="BaseResultMap" type="com.graduation.poetry.model.UserPractice">
    <id column="id" jdbcType="BIGINT" property="id" />
    <result column="practice_poetry_id" jdbcType="BIGINT" property="practicePoetryId" />
    <result column="user_id" jdbcType="BIGINT" property="userId" />
    <result column="create_time" jdbcType="TIMESTAMP" property="createTime" />
    <result column="update_time" jdbcType="TIMESTAMP" property="updateTime" />
    <result column="practice_content" jdbcType="VARCHAR" property="practiceContent" />
    <result column="user_answer" jdbcType="VARCHAR" property="userAnswer" />
  </resultMap>
  <sql id="Example_Where_Clause">
    <where>
      <foreach collection="oredCriteria" item="criteria" separator="or">
        <if test="criteria.valid">
          <trim prefix="(" prefixOverrides="and" suffix=")">
            <foreach collection="criteria.criteria" item="criterion">
              <choose>
                <when test="criterion.noValue">
                  and ${criterion.condition}
                </when>
                <when test="criterion.singleValue">
                  and ${criterion.condition} #{criterion.value}
                </when>
                <when test="criterion.betweenValue">
                  and ${criterion.condition} #{criterion.value} and #{criterion.secondValue}
                </when>
                <when test="criterion.listValue">
                  and ${criterion.condition}
                  <foreach close=")" collection="criterion.value" item="listItem" open="(" separator=",">
                    #{listItem}
                  </foreach>
                </when>
              </choose>
            </foreach>
          </trim>
        </if>
      </foreach>
    </where>
  </sql>
  <sql id="Update_By_Example_Where_Clause">
    <where>
      <foreach collection="example.oredCriteria" item="criteria" separator="or">
        <if test="criteria.valid">
          <trim prefix="(" prefixOverrides="and" suffix=")">
            <foreach collection="criteria.criteria" item="criterion">
              <choose>
                <when test="criterion.noValue">
                  and ${criterion.condition}
                </when>
                <when test="criterion.singleValue">
                  and ${criterion.condition} #{criterion.value}
                </when>
                <when test="criterion.betweenValue">
                  and ${criterion.condition} #{criterion.value} and #{criterion.secondValue}
                </when>
                <when test="criterion.listValue">
                  and ${criterion.condition}
                  <foreach close=")" collection="criterion.value" item="listItem" open="(" separator=",">
                    #{listItem}
                  </foreach>
                </when>
              </choose>
            </foreach>
          </trim>
        </if>
      </foreach>
    </where>
  </sql>
  <sql id="Base_Column_List">
    id, practice_poetry_id, user_id, create_time, update_time, practice_content, user_answer
  </sql>
  <select id="selectByExample" parameterType="com.graduation.poetry.model.UserPracticeExample" resultMap="BaseResultMap">
    select
    <if test="distinct">
      distinct
    </if>
    <include refid="Base_Column_List" />
    from user_practice
    <if test="_parameter != null">
      <include refid="Example_Where_Clause" />
    </if>
    <if test="orderByClause != null">
      order by ${orderByClause}
    </if>
  </select>
  <select id="selectByPrimaryKey" parameterType="java.lang.Long" resultMap="BaseResultMap">
    select 
    <include refid="Base_Column_List" />
    from user_practice
    where id = #{id,jdbcType=BIGINT}
  </select>
  <delete id="deleteByPrimaryKey" parameterType="java.lang.Long">
    delete from user_practice
    where id = #{id,jdbcType=BIGINT}
  </delete>
  <delete id="deleteByExample" parameterType="com.graduation.poetry.model.UserPracticeExample">
    delete from user_practice
    <if test="_parameter != null">
      <include refid="Example_Where_Clause" />
    </if>
  </delete>
  <insert id="insert" parameterType="com.graduation.poetry.model.UserPractice">
    <selectKey keyProperty="id" order="AFTER" resultType="java.lang.Long">
      SELECT LAST_INSERT_ID()
    </selectKey>
    insert into user_practice (practice_poetry_id, user_id, create_time, 
      update_time, practice_content, user_answer
      )
    values (#{practicePoetryId,jdbcType=BIGINT}, #{userId,jdbcType=BIGINT}, #{createTime,jdbcType=TIMESTAMP}, 
      #{updateTime,jdbcType=TIMESTAMP}, #{practiceContent,jdbcType=VARCHAR}, #{userAnswer,jdbcType=VARCHAR}
      )
  </insert>
  <insert id="insertSelective" parameterType="com.graduation.poetry.model.UserPractice">
    <selectKey keyProperty="id" order="AFTER" resultType="java.lang.Long">
      SELECT LAST_INSERT_ID()
    </selectKey>
    insert into user_practice
    <trim prefix="(" suffix=")" suffixOverrides=",">
      <if test="practicePoetryId != null">
        practice_poetry_id,
      </if>
      <if test="userId != null">
        user_id,
      </if>
      <if test="createTime != null">
        create_time,
      </if>
      <if test="updateTime != null">
        update_time,
      </if>
      <if test="practiceContent != null">
        practice_content,
      </if>
      <if test="userAnswer != null">
        user_answer,
      </if>
    </trim>
    <trim prefix="values (" suffix=")" suffixOverrides=",">
      <if test="practicePoetryId != null">
        #{practicePoetryId,jdbcType=BIGINT},
      </if>
      <if test="userId != null">
        #{userId,jdbcType=BIGINT},
      </if>
      <if test="createTime != null">
        #{createTime,jdbcType=TIMESTAMP},
      </if>
      <if test="updateTime != null">
        #{updateTime,jdbcType=TIMESTAMP},
      </if>
      <if test="practiceContent != null">
        #{practiceContent,jdbcType=VARCHAR},
      </if>
      <if test="userAnswer != null">
        #{userAnswer,jdbcType=VARCHAR},
      </if>
    </trim>
  </insert>
  <select id="countByExample" parameterType="com.graduation.poetry.model.UserPracticeExample" resultType="java.lang.Long">
    select count(*) from user_practice
    <if test="_parameter != null">
      <include refid="Example_Where_Clause" />
    </if>
  </select>
  <update id="updateByExampleSelective" parameterType="map">
    update user_practice
    <set>
      <if test="record.id != null">
        id = #{record.id,jdbcType=BIGINT},
      </if>
      <if test="record.practicePoetryId != null">
        practice_poetry_id = #{record.practicePoetryId,jdbcType=BIGINT},
      </if>
      <if test="record.userId != null">
        user_id = #{record.userId,jdbcType=BIGINT},
      </if>
      <if test="record.createTime != null">
        create_time = #{record.createTime,jdbcType=TIMESTAMP},
      </if>
      <if test="record.updateTime != null">
        update_time = #{record.updateTime,jdbcType=TIMESTAMP},
      </if>
      <if test="record.practiceContent != null">
        practice_content = #{record.practiceContent,jdbcType=VARCHAR},
      </if>
      <if test="record.userAnswer != null">
        user_answer = #{record.userAnswer,jdbcType=VARCHAR},
      </if>
    </set>
    <if test="_parameter != null">
      <include refid="Update_By_Example_Where_Clause" />
    </if>
  </update>
  <update id="updateByExample" parameterType="map">
    update user_practice
    set id = #{record.id,jdbcType=BIGINT},
      practice_poetry_id = #{record.practicePoetryId,jdbcType=BIGINT},
      user_id = #{record.userId,jdbcType=BIGINT},
      create_time = #{record.createTime,jdbcType=TIMESTAMP},
      update_time = #{record.updateTime,jdbcType=TIMESTAMP},
      practice_content = #{record.practiceContent,jdbcType=VARCHAR},
      user_answer = #{record.userAnswer,jdbcType=VARCHAR}
    <if test="_parameter != null">
      <include refid="Update_By_Example_Where_Clause" />
    </if>
  </update>
  <update id="updateByPrimaryKeySelective" parameterType="com.graduation.poetry.model.UserPractice">
    update user_practice
    <set>
      <if test="practicePoetryId != null">
        practice_poetry_id = #{practicePoetryId,jdbcType=BIGINT},
      </if>
      <if test="userId != null">
        user_id = #{userId,jdbcType=BIGINT},
      </if>
      <if test="createTime != null">
        create_time = #{createTime,jdbcType=TIMESTAMP},
      </if>
      <if test="updateTime != null">
        update_time = #{updateTime,jdbcType=TIMESTAMP},
      </if>
      <if test="practiceContent != null">
        practice_content = #{practiceContent,jdbcType=VARCHAR},
      </if>
      <if test="userAnswer != null">
        user_answer = #{userAnswer,jdbcType=VARCHAR},
      </if>
    </set>
    where id = #{id,jdbcType=BIGINT}
  </update>
  <update id="updateByPrimaryKey" parameterType="com.graduation.poetry.model.UserPractice">
    update user_practice
    set practice_poetry_id = #{practicePoetryId,jdbcType=BIGINT},
      user_id = #{userId,jdbcType=BIGINT},
      create_time = #{createTime,jdbcType=TIMESTAMP},
      update_time = #{updateTime,jdbcType=TIMESTAMP},
      practice_content = #{practiceContent,jdbcType=VARCHAR},
      user_answer = #{userAnswer,jdbcType=VARCHAR}
    where id = #{id,jdbcType=BIGINT}
  </update>
</mapper>