<?xml version="1.0" encoding="UTF-8"?>
<!DOCTYPE mapper PUBLIC "-//mybatis.org//DTD Mapper 3.0//EN" "http://mybatis.org/dtd/mybatis-3-mapper.dtd">
<mapper namespace="com.graduation.poetry.mapper.UserReportMapper">
  <resultMap id="BaseResultMap" type="com.graduation.poetry.model.UserReport">
    <id column="id" jdbcType="BIGINT" property="id" />
    <result column=" be_report_user_id" jdbcType="BIGINT" property="beReportUserId" />
    <result column="report_user_id" jdbcType="BIGINT" property="reportUserId" />
    <result column="report_introduce" jdbcType="VARCHAR" property="reportIntroduce" />
    <result column="create_time" jdbcType="TIMESTAMP" property="createTime" />
    <result column="update_time" jdbcType="TIMESTAMP" property="updateTime" />
    <result column="is_dispose" jdbcType="INTEGER" property="isDispose" />
  </resultMap>
  <sql id="Example_Where_Clause">
    <where>
      <foreach collection="oredCriteria" item="criteria" separator="or">
        <if test="criteria.valid">
          <trim prefix="(" prefixOverrides="and" suffix=")">
            <foreach collection="criteria.criteria" item="criterion">
              <choose>
                <when test="criterion.noValue">
                  and ${criterion.condition}
                </when>
                <when test="criterion.singleValue">
                  and ${criterion.condition} #{criterion.value}
                </when>
                <when test="criterion.betweenValue">
                  and ${criterion.condition} #{criterion.value} and #{criterion.secondValue}
                </when>
                <when test="criterion.listValue">
                  and ${criterion.condition}
                  <foreach close=")" collection="criterion.value" item="listItem" open="(" separator=",">
                    #{listItem}
                  </foreach>
                </when>
              </choose>
            </foreach>
          </trim>
        </if>
      </foreach>
    </where>
  </sql>
  <sql id="Update_By_Example_Where_Clause">
    <where>
      <foreach collection="example.oredCriteria" item="criteria" separator="or">
        <if test="criteria.valid">
          <trim prefix="(" prefixOverrides="and" suffix=")">
            <foreach collection="criteria.criteria" item="criterion">
              <choose>
                <when test="criterion.noValue">
                  and ${criterion.condition}
                </when>
                <when test="criterion.singleValue">
                  and ${criterion.condition} #{criterion.value}
                </when>
                <when test="criterion.betweenValue">
                  and ${criterion.condition} #{criterion.value} and #{criterion.secondValue}
                </when>
                <when test="criterion.listValue">
                  and ${criterion.condition}
                  <foreach close=")" collection="criterion.value" item="listItem" open="(" separator=",">
                    #{listItem}
                  </foreach>
                </when>
              </choose>
            </foreach>
          </trim>
        </if>
      </foreach>
    </where>
  </sql>
  <sql id="Base_Column_List">
    id, ` be_report_user_id`, report_user_id, report_introduce, create_time, update_time, 
    is_dispose
  </sql>
  <select id="selectByExample" parameterType="com.graduation.poetry.model.UserReportExample" resultMap="BaseResultMap">
    select
    <if test="distinct">
      distinct
    </if>
    <include refid="Base_Column_List" />
    from user_report
    <if test="_parameter != null">
      <include refid="Example_Where_Clause" />
    </if>
    <if test="orderByClause != null">
      order by ${orderByClause}
    </if>
  </select>
  <select id="selectByPrimaryKey" parameterType="java.lang.Long" resultMap="BaseResultMap">
    select 
    <include refid="Base_Column_List" />
    from user_report
    where id = #{id,jdbcType=BIGINT}
  </select>
  <delete id="deleteByPrimaryKey" parameterType="java.lang.Long">
    delete from user_report
    where id = #{id,jdbcType=BIGINT}
  </delete>
  <delete id="deleteByExample" parameterType="com.graduation.poetry.model.UserReportExample">
    delete from user_report
    <if test="_parameter != null">
      <include refid="Example_Where_Clause" />
    </if>
  </delete>
  <insert id="insert" parameterType="com.graduation.poetry.model.UserReport">
    <selectKey keyProperty="id" order="AFTER" resultType="java.lang.Long">
      SELECT LAST_INSERT_ID()
    </selectKey>
    insert into user_report (` be_report_user_id`, report_user_id, report_introduce, 
      create_time, update_time, is_dispose
      )
    values (#{beReportUserId,jdbcType=BIGINT}, #{reportUserId,jdbcType=BIGINT}, #{reportIntroduce,jdbcType=VARCHAR}, 
      #{createTime,jdbcType=TIMESTAMP}, #{updateTime,jdbcType=TIMESTAMP}, #{isDispose,jdbcType=INTEGER}
      )
  </insert>
  <insert id="insertSelective" parameterType="com.graduation.poetry.model.UserReport">
    <selectKey keyProperty="id" order="AFTER" resultType="java.lang.Long">
      SELECT LAST_INSERT_ID()
    </selectKey>
    insert into user_report
    <trim prefix="(" suffix=")" suffixOverrides=",">
      <if test="beReportUserId != null">
        ` be_report_user_id`,
      </if>
      <if test="reportUserId != null">
        report_user_id,
      </if>
      <if test="reportIntroduce != null">
        report_introduce,
      </if>
      <if test="createTime != null">
        create_time,
      </if>
      <if test="updateTime != null">
        update_time,
      </if>
      <if test="isDispose != null">
        is_dispose,
      </if>
    </trim>
    <trim prefix="values (" suffix=")" suffixOverrides=",">
      <if test="beReportUserId != null">
        #{beReportUserId,jdbcType=BIGINT},
      </if>
      <if test="reportUserId != null">
        #{reportUserId,jdbcType=BIGINT},
      </if>
      <if test="reportIntroduce != null">
        #{reportIntroduce,jdbcType=VARCHAR},
      </if>
      <if test="createTime != null">
        #{createTime,jdbcType=TIMESTAMP},
      </if>
      <if test="updateTime != null">
        #{updateTime,jdbcType=TIMESTAMP},
      </if>
      <if test="isDispose != null">
        #{isDispose,jdbcType=INTEGER},
      </if>
    </trim>
  </insert>
  <select id="countByExample" parameterType="com.graduation.poetry.model.UserReportExample" resultType="java.lang.Long">
    select count(*) from user_report
    <if test="_parameter != null">
      <include refid="Example_Where_Clause" />
    </if>
  </select>
  <update id="updateByExampleSelective" parameterType="map">
    update user_report
    <set>
      <if test="record.id != null">
        id = #{record.id,jdbcType=BIGINT},
      </if>
      <if test="record.beReportUserId != null">
        ` be_report_user_id` = #{record.beReportUserId,jdbcType=BIGINT},
      </if>
      <if test="record.reportUserId != null">
        report_user_id = #{record.reportUserId,jdbcType=BIGINT},
      </if>
      <if test="record.reportIntroduce != null">
        report_introduce = #{record.reportIntroduce,jdbcType=VARCHAR},
      </if>
      <if test="record.createTime != null">
        create_time = #{record.createTime,jdbcType=TIMESTAMP},
      </if>
      <if test="record.updateTime != null">
        update_time = #{record.updateTime,jdbcType=TIMESTAMP},
      </if>
      <if test="record.isDispose != null">
        is_dispose = #{record.isDispose,jdbcType=INTEGER},
      </if>
    </set>
    <if test="_parameter != null">
      <include refid="Update_By_Example_Where_Clause" />
    </if>
  </update>
  <update id="updateByExample" parameterType="map">
    update user_report
    set id = #{record.id,jdbcType=BIGINT},
      ` be_report_user_id` = #{record.beReportUserId,jdbcType=BIGINT},
      report_user_id = #{record.reportUserId,jdbcType=BIGINT},
      report_introduce = #{record.reportIntroduce,jdbcType=VARCHAR},
      create_time = #{record.createTime,jdbcType=TIMESTAMP},
      update_time = #{record.updateTime,jdbcType=TIMESTAMP},
      is_dispose = #{record.isDispose,jdbcType=INTEGER}
    <if test="_parameter != null">
      <include refid="Update_By_Example_Where_Clause" />
    </if>
  </update>
  <update id="updateByPrimaryKeySelective" parameterType="com.graduation.poetry.model.UserReport">
    update user_report
    <set>
      <if test="beReportUserId != null">
        ` be_report_user_id` = #{beReportUserId,jdbcType=BIGINT},
      </if>
      <if test="reportUserId != null">
        report_user_id = #{reportUserId,jdbcType=BIGINT},
      </if>
      <if test="reportIntroduce != null">
        report_introduce = #{reportIntroduce,jdbcType=VARCHAR},
      </if>
      <if test="createTime != null">
        create_time = #{createTime,jdbcType=TIMESTAMP},
      </if>
      <if test="updateTime != null">
        update_time = #{updateTime,jdbcType=TIMESTAMP},
      </if>
      <if test="isDispose != null">
        is_dispose = #{isDispose,jdbcType=INTEGER},
      </if>
    </set>
    where id = #{id,jdbcType=BIGINT}
  </update>
  <update id="updateByPrimaryKey" parameterType="com.graduation.poetry.model.UserReport">
    update user_report
    set ` be_report_user_id` = #{beReportUserId,jdbcType=BIGINT},
      report_user_id = #{reportUserId,jdbcType=BIGINT},
      report_introduce = #{reportIntroduce,jdbcType=VARCHAR},
      create_time = #{createTime,jdbcType=TIMESTAMP},
      update_time = #{updateTime,jdbcType=TIMESTAMP},
      is_dispose = #{isDispose,jdbcType=INTEGER}
    where id = #{id,jdbcType=BIGINT}
  </update>
</mapper>