<?xml version="1.0" encoding="UTF-8"?>
<!DOCTYPE mapper PUBLIC "-//mybatis.org//DTD Mapper 3.0//EN" "http://mybatis.org/dtd/mybatis-3-mapper.dtd">
<mapper namespace="com.graduation.poetry.mapper.UserMapper">
  <resultMap id="BaseResultMap" type="com.graduation.poetry.model.User">
    <id column="id" jdbcType="BIGINT" property="id" />
    <result column="user_name" jdbcType="VARCHAR" property="userName" />
    <result column="password" jdbcType="VARCHAR" property="password" />
    <result column="gender" jdbcType="INTEGER" property="gender" />
    <result column="user_introduce" jdbcType="VARCHAR" property="userIntroduce" />
    <result column="img_url" jdbcType="VARCHAR" property="imgUrl" />
    <result column="education_background" jdbcType="VARCHAR" property="educationBackground" />
    <result column="real_name" jdbcType="VARCHAR" property="realName" />
    <result column="phone" jdbcType="VARCHAR" property="phone" />
    <result column="birthday" jdbcType="VARCHAR" property="birthday" />
    <result column="address" jdbcType="VARCHAR" property="address" />
    <result column="create_time" jdbcType="TIMESTAMP" property="createTime" />
    <result column="update_time" jdbcType="TIMESTAMP" property="updateTime" />
    <result column="wechat" jdbcType="VARCHAR" property="wechat" />
    <result column="qq" jdbcType="VARCHAR" property="qq" />
    <result column="real_name_approved" jdbcType="INTEGER" property="realNameApproved" />
    <result column="occupation" jdbcType="VARCHAR" property="occupation" />
    <result column="be_report" jdbcType="INTEGER" property="beReport" />
    <result column="is_banned_talk" jdbcType="INTEGER" property="isBannedTalk" />
    <result column="is_banned_login" jdbcType="INTEGER" property="isBannedLogin" />
    <result column="is_manager" jdbcType="INTEGER" property="isManager" />
  </resultMap>
  <sql id="Example_Where_Clause">
    <where>
      <foreach collection="oredCriteria" item="criteria" separator="or">
        <if test="criteria.valid">
          <trim prefix="(" prefixOverrides="and" suffix=")">
            <foreach collection="criteria.criteria" item="criterion">
              <choose>
                <when test="criterion.noValue">
                  and ${criterion.condition}
                </when>
                <when test="criterion.singleValue">
                  and ${criterion.condition} #{criterion.value}
                </when>
                <when test="criterion.betweenValue">
                  and ${criterion.condition} #{criterion.value} and #{criterion.secondValue}
                </when>
                <when test="criterion.listValue">
                  and ${criterion.condition}
                  <foreach close=")" collection="criterion.value" item="listItem" open="(" separator=",">
                    #{listItem}
                  </foreach>
                </when>
              </choose>
            </foreach>
          </trim>
        </if>
      </foreach>
    </where>
  </sql>
  <sql id="Update_By_Example_Where_Clause">
    <where>
      <foreach collection="example.oredCriteria" item="criteria" separator="or">
        <if test="criteria.valid">
          <trim prefix="(" prefixOverrides="and" suffix=")">
            <foreach collection="criteria.criteria" item="criterion">
              <choose>
                <when test="criterion.noValue">
                  and ${criterion.condition}
                </when>
                <when test="criterion.singleValue">
                  and ${criterion.condition} #{criterion.value}
                </when>
                <when test="criterion.betweenValue">
                  and ${criterion.condition} #{criterion.value} and #{criterion.secondValue}
                </when>
                <when test="criterion.listValue">
                  and ${criterion.condition}
                  <foreach close=")" collection="criterion.value" item="listItem" open="(" separator=",">
                    #{listItem}
                  </foreach>
                </when>
              </choose>
            </foreach>
          </trim>
        </if>
      </foreach>
    </where>
  </sql>
  <sql id="Base_Column_List">
    id, user_name, password, gender, user_introduce, img_url, education_background, real_name, 
    phone, birthday, address, create_time, update_time, wechat, qq, real_name_approved, 
    occupation, be_report, is_banned_talk, is_banned_login, is_manager
  </sql>
  <select id="selectByExample" parameterType="com.graduation.poetry.model.UserExample" resultMap="BaseResultMap">
    select
    <if test="distinct">
      distinct
    </if>
    <include refid="Base_Column_List" />
    from user
    <if test="_parameter != null">
      <include refid="Example_Where_Clause" />
    </if>
    <if test="orderByClause != null">
      order by ${orderByClause}
    </if>
  </select>
  <select id="selectByPrimaryKey" parameterType="java.lang.Long" resultMap="BaseResultMap">
    select 
    <include refid="Base_Column_List" />
    from user
    where id = #{id,jdbcType=BIGINT}
  </select>
  <delete id="deleteByPrimaryKey" parameterType="java.lang.Long">
    delete from user
    where id = #{id,jdbcType=BIGINT}
  </delete>
  <delete id="deleteByExample" parameterType="com.graduation.poetry.model.UserExample">
    delete from user
    <if test="_parameter != null">
      <include refid="Example_Where_Clause" />
    </if>
  </delete>
  <insert id="insert" parameterType="com.graduation.poetry.model.User">
    <selectKey keyProperty="id" order="AFTER" resultType="java.lang.Long">
      SELECT LAST_INSERT_ID()
    </selectKey>
    insert into user (user_name, password, gender, 
      user_introduce, img_url, education_background, 
      real_name, phone, birthday, 
      address, create_time, update_time, 
      wechat, qq, real_name_approved, 
      occupation, be_report, is_banned_talk, 
      is_banned_login, is_manager)
    values (#{userName,jdbcType=VARCHAR}, #{password,jdbcType=VARCHAR}, #{gender,jdbcType=INTEGER}, 
      #{userIntroduce,jdbcType=VARCHAR}, #{imgUrl,jdbcType=VARCHAR}, #{educationBackground,jdbcType=VARCHAR}, 
      #{realName,jdbcType=VARCHAR}, #{phone,jdbcType=VARCHAR}, #{birthday,jdbcType=VARCHAR}, 
      #{address,jdbcType=VARCHAR}, #{createTime,jdbcType=TIMESTAMP}, #{updateTime,jdbcType=TIMESTAMP}, 
      #{wechat,jdbcType=VARCHAR}, #{qq,jdbcType=VARCHAR}, #{realNameApproved,jdbcType=INTEGER}, 
      #{occupation,jdbcType=VARCHAR}, #{beReport,jdbcType=INTEGER}, #{isBannedTalk,jdbcType=INTEGER}, 
      #{isBannedLogin,jdbcType=INTEGER}, #{isManager,jdbcType=INTEGER})
  </insert>
  <insert id="insertSelective" parameterType="com.graduation.poetry.model.User">
    <selectKey keyProperty="id" order="AFTER" resultType="java.lang.Long">
      SELECT LAST_INSERT_ID()
    </selectKey>
    insert into user
    <trim prefix="(" suffix=")" suffixOverrides=",">
      <if test="userName != null">
        user_name,
      </if>
      <if test="password != null">
        password,
      </if>
      <if test="gender != null">
        gender,
      </if>
      <if test="userIntroduce != null">
        user_introduce,
      </if>
      <if test="imgUrl != null">
        img_url,
      </if>
      <if test="educationBackground != null">
        education_background,
      </if>
      <if test="realName != null">
        real_name,
      </if>
      <if test="phone != null">
        phone,
      </if>
      <if test="birthday != null">
        birthday,
      </if>
      <if test="address != null">
        address,
      </if>
      <if test="createTime != null">
        create_time,
      </if>
      <if test="updateTime != null">
        update_time,
      </if>
      <if test="wechat != null">
        wechat,
      </if>
      <if test="qq != null">
        qq,
      </if>
      <if test="realNameApproved != null">
        real_name_approved,
      </if>
      <if test="occupation != null">
        occupation,
      </if>
      <if test="beReport != null">
        be_report,
      </if>
      <if test="isBannedTalk != null">
        is_banned_talk,
      </if>
      <if test="isBannedLogin != null">
        is_banned_login,
      </if>
      <if test="isManager != null">
        is_manager,
      </if>
    </trim>
    <trim prefix="values (" suffix=")" suffixOverrides=",">
      <if test="userName != null">
        #{userName,jdbcType=VARCHAR},
      </if>
      <if test="password != null">
        #{password,jdbcType=VARCHAR},
      </if>
      <if test="gender != null">
        #{gender,jdbcType=INTEGER},
      </if>
      <if test="userIntroduce != null">
        #{userIntroduce,jdbcType=VARCHAR},
      </if>
      <if test="imgUrl != null">
        #{imgUrl,jdbcType=VARCHAR},
      </if>
      <if test="educationBackground != null">
        #{educationBackground,jdbcType=VARCHAR},
      </if>
      <if test="realName != null">
        #{realName,jdbcType=VARCHAR},
      </if>
      <if test="phone != null">
        #{phone,jdbcType=VARCHAR},
      </if>
      <if test="birthday != null">
        #{birthday,jdbcType=VARCHAR},
      </if>
      <if test="address != null">
        #{address,jdbcType=VARCHAR},
      </if>
      <if test="createTime != null">
        #{createTime,jdbcType=TIMESTAMP},
      </if>
      <if test="updateTime != null">
        #{updateTime,jdbcType=TIMESTAMP},
      </if>
      <if test="wechat != null">
        #{wechat,jdbcType=VARCHAR},
      </if>
      <if test="qq != null">
        #{qq,jdbcType=VARCHAR},
      </if>
      <if test="realNameApproved != null">
        #{realNameApproved,jdbcType=INTEGER},
      </if>
      <if test="occupation != null">
        #{occupation,jdbcType=VARCHAR},
      </if>
      <if test="beReport != null">
        #{beReport,jdbcType=INTEGER},
      </if>
      <if test="isBannedTalk != null">
        #{isBannedTalk,jdbcType=INTEGER},
      </if>
      <if test="isBannedLogin != null">
        #{isBannedLogin,jdbcType=INTEGER},
      </if>
      <if test="isManager != null">
        #{isManager,jdbcType=INTEGER},
      </if>
    </trim>
  </insert>
  <select id="countByExample" parameterType="com.graduation.poetry.model.UserExample" resultType="java.lang.Long">
    select count(*) from user
    <if test="_parameter != null">
      <include refid="Example_Where_Clause" />
    </if>
  </select>
  <update id="updateByExampleSelective" parameterType="map">
    update user
    <set>
      <if test="record.id != null">
        id = #{record.id,jdbcType=BIGINT},
      </if>
      <if test="record.userName != null">
        user_name = #{record.userName,jdbcType=VARCHAR},
      </if>
      <if test="record.password != null">
        password = #{record.password,jdbcType=VARCHAR},
      </if>
      <if test="record.gender != null">
        gender = #{record.gender,jdbcType=INTEGER},
      </if>
      <if test="record.userIntroduce != null">
        user_introduce = #{record.userIntroduce,jdbcType=VARCHAR},
      </if>
      <if test="record.imgUrl != null">
        img_url = #{record.imgUrl,jdbcType=VARCHAR},
      </if>
      <if test="record.educationBackground != null">
        education_background = #{record.educationBackground,jdbcType=VARCHAR},
      </if>
      <if test="record.realName != null">
        real_name = #{record.realName,jdbcType=VARCHAR},
      </if>
      <if test="record.phone != null">
        phone = #{record.phone,jdbcType=VARCHAR},
      </if>
      <if test="record.birthday != null">
        birthday = #{record.birthday,jdbcType=VARCHAR},
      </if>
      <if test="record.address != null">
        address = #{record.address,jdbcType=VARCHAR},
      </if>
      <if test="record.createTime != null">
        create_time = #{record.createTime,jdbcType=TIMESTAMP},
      </if>
      <if test="record.updateTime != null">
        update_time = #{record.updateTime,jdbcType=TIMESTAMP},
      </if>
      <if test="record.wechat != null">
        wechat = #{record.wechat,jdbcType=VARCHAR},
      </if>
      <if test="record.qq != null">
        qq = #{record.qq,jdbcType=VARCHAR},
      </if>
      <if test="record.realNameApproved != null">
        real_name_approved = #{record.realNameApproved,jdbcType=INTEGER},
      </if>
      <if test="record.occupation != null">
        occupation = #{record.occupation,jdbcType=VARCHAR},
      </if>
      <if test="record.beReport != null">
        be_report = #{record.beReport,jdbcType=INTEGER},
      </if>
      <if test="record.isBannedTalk != null">
        is_banned_talk = #{record.isBannedTalk,jdbcType=INTEGER},
      </if>
      <if test="record.isBannedLogin != null">
        is_banned_login = #{record.isBannedLogin,jdbcType=INTEGER},
      </if>
      <if test="record.isManager != null">
        is_manager = #{record.isManager,jdbcType=INTEGER},
      </if>
    </set>
    <if test="_parameter != null">
      <include refid="Update_By_Example_Where_Clause" />
    </if>
  </update>
  <update id="updateByExample" parameterType="map">
    update user
    set id = #{record.id,jdbcType=BIGINT},
      user_name = #{record.userName,jdbcType=VARCHAR},
      password = #{record.password,jdbcType=VARCHAR},
      gender = #{record.gender,jdbcType=INTEGER},
      user_introduce = #{record.userIntroduce,jdbcType=VARCHAR},
      img_url = #{record.imgUrl,jdbcType=VARCHAR},
      education_background = #{record.educationBackground,jdbcType=VARCHAR},
      real_name = #{record.realName,jdbcType=VARCHAR},
      phone = #{record.phone,jdbcType=VARCHAR},
      birthday = #{record.birthday,jdbcType=VARCHAR},
      address = #{record.address,jdbcType=VARCHAR},
      create_time = #{record.createTime,jdbcType=TIMESTAMP},
      update_time = #{record.updateTime,jdbcType=TIMESTAMP},
      wechat = #{record.wechat,jdbcType=VARCHAR},
      qq = #{record.qq,jdbcType=VARCHAR},
      real_name_approved = #{record.realNameApproved,jdbcType=INTEGER},
      occupation = #{record.occupation,jdbcType=VARCHAR},
      be_report = #{record.beReport,jdbcType=INTEGER},
      is_banned_talk = #{record.isBannedTalk,jdbcType=INTEGER},
      is_banned_login = #{record.isBannedLogin,jdbcType=INTEGER},
      is_manager = #{record.isManager,jdbcType=INTEGER}
    <if test="_parameter != null">
      <include refid="Update_By_Example_Where_Clause" />
    </if>
  </update>
  <update id="updateByPrimaryKeySelective" parameterType="com.graduation.poetry.model.User">
    update user
    <set>
      <if test="userName != null">
        user_name = #{userName,jdbcType=VARCHAR},
      </if>
      <if test="password != null">
        password = #{password,jdbcType=VARCHAR},
      </if>
      <if test="gender != null">
        gender = #{gender,jdbcType=INTEGER},
      </if>
      <if test="userIntroduce != null">
        user_introduce = #{userIntroduce,jdbcType=VARCHAR},
      </if>
      <if test="imgUrl != null">
        img_url = #{imgUrl,jdbcType=VARCHAR},
      </if>
      <if test="educationBackground != null">
        education_background = #{educationBackground,jdbcType=VARCHAR},
      </if>
      <if test="realName != null">
        real_name = #{realName,jdbcType=VARCHAR},
      </if>
      <if test="phone != null">
        phone = #{phone,jdbcType=VARCHAR},
      </if>
      <if test="birthday != null">
        birthday = #{birthday,jdbcType=VARCHAR},
      </if>
      <if test="address != null">
        address = #{address,jdbcType=VARCHAR},
      </if>
      <if test="createTime != null">
        create_time = #{createTime,jdbcType=TIMESTAMP},
      </if>
      <if test="updateTime != null">
        update_time = #{updateTime,jdbcType=TIMESTAMP},
      </if>
      <if test="wechat != null">
        wechat = #{wechat,jdbcType=VARCHAR},
      </if>
      <if test="qq != null">
        qq = #{qq,jdbcType=VARCHAR},
      </if>
      <if test="realNameApproved != null">
        real_name_approved = #{realNameApproved,jdbcType=INTEGER},
      </if>
      <if test="occupation != null">
        occupation = #{occupation,jdbcType=VARCHAR},
      </if>
      <if test="beReport != null">
        be_report = #{beReport,jdbcType=INTEGER},
      </if>
      <if test="isBannedTalk != null">
        is_banned_talk = #{isBannedTalk,jdbcType=INTEGER},
      </if>
      <if test="isBannedLogin != null">
        is_banned_login = #{isBannedLogin,jdbcType=INTEGER},
      </if>
      <if test="isManager != null">
        is_manager = #{isManager,jdbcType=INTEGER},
      </if>
    </set>
    where id = #{id,jdbcType=BIGINT}
  </update>
  <update id="updateByPrimaryKey" parameterType="com.graduation.poetry.model.User">
    update user
    set user_name = #{userName,jdbcType=VARCHAR},
      password = #{password,jdbcType=VARCHAR},
      gender = #{gender,jdbcType=INTEGER},
      user_introduce = #{userIntroduce,jdbcType=VARCHAR},
      img_url = #{imgUrl,jdbcType=VARCHAR},
      education_background = #{educationBackground,jdbcType=VARCHAR},
      real_name = #{realName,jdbcType=VARCHAR},
      phone = #{phone,jdbcType=VARCHAR},
      birthday = #{birthday,jdbcType=VARCHAR},
      address = #{address,jdbcType=VARCHAR},
      create_time = #{createTime,jdbcType=TIMESTAMP},
      update_time = #{updateTime,jdbcType=TIMESTAMP},
      wechat = #{wechat,jdbcType=VARCHAR},
      qq = #{qq,jdbcType=VARCHAR},
      real_name_approved = #{realNameApproved,jdbcType=INTEGER},
      occupation = #{occupation,jdbcType=VARCHAR},
      be_report = #{beReport,jdbcType=INTEGER},
      is_banned_talk = #{isBannedTalk,jdbcType=INTEGER},
      is_banned_login = #{isBannedLogin,jdbcType=INTEGER},
      is_manager = #{isManager,jdbcType=INTEGER}
    where id = #{id,jdbcType=BIGINT}
  </update>
</mapper>