<?xml version="1.0" encoding="UTF-8"?>
<!DOCTYPE mapper PUBLIC "-//mybatis.org//DTD Mapper 3.0//EN" "http://mybatis.org/dtd/mybatis-3-mapper.dtd">
<mapper namespace="com.graduation.poetry.mapper.UserLikeMapper">
  <resultMap id="BaseResultMap" type="com.graduation.poetry.model.UserLike">
    <id column="id" jdbcType="BIGINT" property="id" />
    <result column="user_id" jdbcType="BIGINT" property="userId" />
    <result column="poetry_author_id" jdbcType="BIGINT" property="poetryAuthorId" />
    <result column="create_time" jdbcType="TIMESTAMP" property="createTime" />
    <result column="update_time" jdbcType="TIMESTAMP" property="updateTime" />
    <result column="is_user_write" jdbcType="INTEGER" property="isUserWrite" />
    <result column="poetry_dynasty_id" jdbcType="BIGINT" property="poetryDynastyId" />
    <result column="open_author_number" jdbcType="BIGINT" property="openAuthorNumber" />
    <result column="open_dynasty_number" jdbcType="BIGINT" property="openDynastyNumber" />
  </resultMap>
  <sql id="Example_Where_Clause">
    <where>
      <foreach collection="oredCriteria" item="criteria" separator="or">
        <if test="criteria.valid">
          <trim prefix="(" prefixOverrides="and" suffix=")">
            <foreach collection="criteria.criteria" item="criterion">
              <choose>
                <when test="criterion.noValue">
                  and ${criterion.condition}
                </when>
                <when test="criterion.singleValue">
                  and ${criterion.condition} #{criterion.value}
                </when>
                <when test="criterion.betweenValue">
                  and ${criterion.condition} #{criterion.value} and #{criterion.secondValue}
                </when>
                <when test="criterion.listValue">
                  and ${criterion.condition}
                  <foreach close=")" collection="criterion.value" item="listItem" open="(" separator=",">
                    #{listItem}
                  </foreach>
                </when>
              </choose>
            </foreach>
          </trim>
        </if>
      </foreach>
    </where>
  </sql>
  <sql id="Update_By_Example_Where_Clause">
    <where>
      <foreach collection="example.oredCriteria" item="criteria" separator="or">
        <if test="criteria.valid">
          <trim prefix="(" prefixOverrides="and" suffix=")">
            <foreach collection="criteria.criteria" item="criterion">
              <choose>
                <when test="criterion.noValue">
                  and ${criterion.condition}
                </when>
                <when test="criterion.singleValue">
                  and ${criterion.condition} #{criterion.value}
                </when>
                <when test="criterion.betweenValue">
                  and ${criterion.condition} #{criterion.value} and #{criterion.secondValue}
                </when>
                <when test="criterion.listValue">
                  and ${criterion.condition}
                  <foreach close=")" collection="criterion.value" item="listItem" open="(" separator=",">
                    #{listItem}
                  </foreach>
                </when>
              </choose>
            </foreach>
          </trim>
        </if>
      </foreach>
    </where>
  </sql>
  <sql id="Base_Column_List">
    id, user_id, poetry_author_id, create_time, update_time, is_user_write, poetry_dynasty_id, 
    open_author_number, open_dynasty_number
  </sql>
  <select id="selectByExample" parameterType="com.graduation.poetry.model.UserLikeExample" resultMap="BaseResultMap">
    select
    <if test="distinct">
      distinct
    </if>
    <include refid="Base_Column_List" />
    from user_like
    <if test="_parameter != null">
      <include refid="Example_Where_Clause" />
    </if>
    <if test="orderByClause != null">
      order by ${orderByClause}
    </if>
  </select>
  <select id="selectByPrimaryKey" parameterType="java.lang.Long" resultMap="BaseResultMap">
    select 
    <include refid="Base_Column_List" />
    from user_like
    where id = #{id,jdbcType=BIGINT}
  </select>
  <delete id="deleteByPrimaryKey" parameterType="java.lang.Long">
    delete from user_like
    where id = #{id,jdbcType=BIGINT}
  </delete>
  <delete id="deleteByExample" parameterType="com.graduation.poetry.model.UserLikeExample">
    delete from user_like
    <if test="_parameter != null">
      <include refid="Example_Where_Clause" />
    </if>
  </delete>
  <insert id="insert" parameterType="com.graduation.poetry.model.UserLike">
    <selectKey keyProperty="id" order="AFTER" resultType="java.lang.Long">
      SELECT LAST_INSERT_ID()
    </selectKey>
    insert into user_like (user_id, poetry_author_id, create_time, 
      update_time, is_user_write, poetry_dynasty_id, 
      open_author_number, open_dynasty_number)
    values (#{userId,jdbcType=BIGINT}, #{poetryAuthorId,jdbcType=BIGINT}, #{createTime,jdbcType=TIMESTAMP}, 
      #{updateTime,jdbcType=TIMESTAMP}, #{isUserWrite,jdbcType=INTEGER}, #{poetryDynastyId,jdbcType=BIGINT}, 
      #{openAuthorNumber,jdbcType=BIGINT}, #{openDynastyNumber,jdbcType=BIGINT})
  </insert>
  <insert id="insertSelective" parameterType="com.graduation.poetry.model.UserLike">
    <selectKey keyProperty="id" order="AFTER" resultType="java.lang.Long">
      SELECT LAST_INSERT_ID()
    </selectKey>
    insert into user_like
    <trim prefix="(" suffix=")" suffixOverrides=",">
      <if test="userId != null">
        user_id,
      </if>
      <if test="poetryAuthorId != null">
        poetry_author_id,
      </if>
      <if test="createTime != null">
        create_time,
      </if>
      <if test="updateTime != null">
        update_time,
      </if>
      <if test="isUserWrite != null">
        is_user_write,
      </if>
      <if test="poetryDynastyId != null">
        poetry_dynasty_id,
      </if>
      <if test="openAuthorNumber != null">
        open_author_number,
      </if>
      <if test="openDynastyNumber != null">
        open_dynasty_number,
      </if>
    </trim>
    <trim prefix="values (" suffix=")" suffixOverrides=",">
      <if test="userId != null">
        #{userId,jdbcType=BIGINT},
      </if>
      <if test="poetryAuthorId != null">
        #{poetryAuthorId,jdbcType=BIGINT},
      </if>
      <if test="createTime != null">
        #{createTime,jdbcType=TIMESTAMP},
      </if>
      <if test="updateTime != null">
        #{updateTime,jdbcType=TIMESTAMP},
      </if>
      <if test="isUserWrite != null">
        #{isUserWrite,jdbcType=INTEGER},
      </if>
      <if test="poetryDynastyId != null">
        #{poetryDynastyId,jdbcType=BIGINT},
      </if>
      <if test="openAuthorNumber != null">
        #{openAuthorNumber,jdbcType=BIGINT},
      </if>
      <if test="openDynastyNumber != null">
        #{openDynastyNumber,jdbcType=BIGINT},
      </if>
    </trim>
  </insert>
  <select id="countByExample" parameterType="com.graduation.poetry.model.UserLikeExample" resultType="java.lang.Long">
    select count(*) from user_like
    <if test="_parameter != null">
      <include refid="Example_Where_Clause" />
    </if>
  </select>
  <update id="updateByExampleSelective" parameterType="map">
    update user_like
    <set>
      <if test="record.id != null">
        id = #{record.id,jdbcType=BIGINT},
      </if>
      <if test="record.userId != null">
        user_id = #{record.userId,jdbcType=BIGINT},
      </if>
      <if test="record.poetryAuthorId != null">
        poetry_author_id = #{record.poetryAuthorId,jdbcType=BIGINT},
      </if>
      <if test="record.createTime != null">
        create_time = #{record.createTime,jdbcType=TIMESTAMP},
      </if>
      <if test="record.updateTime != null">
        update_time = #{record.updateTime,jdbcType=TIMESTAMP},
      </if>
      <if test="record.isUserWrite != null">
        is_user_write = #{record.isUserWrite,jdbcType=INTEGER},
      </if>
      <if test="record.poetryDynastyId != null">
        poetry_dynasty_id = #{record.poetryDynastyId,jdbcType=BIGINT},
      </if>
      <if test="record.openAuthorNumber != null">
        open_author_number = #{record.openAuthorNumber,jdbcType=BIGINT},
      </if>
      <if test="record.openDynastyNumber != null">
        open_dynasty_number = #{record.openDynastyNumber,jdbcType=BIGINT},
      </if>
    </set>
    <if test="_parameter != null">
      <include refid="Update_By_Example_Where_Clause" />
    </if>
  </update>
  <update id="updateByExample" parameterType="map">
    update user_like
    set id = #{record.id,jdbcType=BIGINT},
      user_id = #{record.userId,jdbcType=BIGINT},
      poetry_author_id = #{record.poetryAuthorId,jdbcType=BIGINT},
      create_time = #{record.createTime,jdbcType=TIMESTAMP},
      update_time = #{record.updateTime,jdbcType=TIMESTAMP},
      is_user_write = #{record.isUserWrite,jdbcType=INTEGER},
      poetry_dynasty_id = #{record.poetryDynastyId,jdbcType=BIGINT},
      open_author_number = #{record.openAuthorNumber,jdbcType=BIGINT},
      open_dynasty_number = #{record.openDynastyNumber,jdbcType=BIGINT}
    <if test="_parameter != null">
      <include refid="Update_By_Example_Where_Clause" />
    </if>
  </update>
  <update id="updateByPrimaryKeySelective" parameterType="com.graduation.poetry.model.UserLike">
    update user_like
    <set>
      <if test="userId != null">
        user_id = #{userId,jdbcType=BIGINT},
      </if>
      <if test="poetryAuthorId != null">
        poetry_author_id = #{poetryAuthorId,jdbcType=BIGINT},
      </if>
      <if test="createTime != null">
        create_time = #{createTime,jdbcType=TIMESTAMP},
      </if>
      <if test="updateTime != null">
        update_time = #{updateTime,jdbcType=TIMESTAMP},
      </if>
      <if test="isUserWrite != null">
        is_user_write = #{isUserWrite,jdbcType=INTEGER},
      </if>
      <if test="poetryDynastyId != null">
        poetry_dynasty_id = #{poetryDynastyId,jdbcType=BIGINT},
      </if>
      <if test="openAuthorNumber != null">
        open_author_number = #{openAuthorNumber,jdbcType=BIGINT},
      </if>
      <if test="openDynastyNumber != null">
        open_dynasty_number = #{openDynastyNumber,jdbcType=BIGINT},
      </if>
    </set>
    where id = #{id,jdbcType=BIGINT}
  </update>
  <update id="updateByPrimaryKey" parameterType="com.graduation.poetry.model.UserLike">
    update user_like
    set user_id = #{userId,jdbcType=BIGINT},
      poetry_author_id = #{poetryAuthorId,jdbcType=BIGINT},
      create_time = #{createTime,jdbcType=TIMESTAMP},
      update_time = #{updateTime,jdbcType=TIMESTAMP},
      is_user_write = #{isUserWrite,jdbcType=INTEGER},
      poetry_dynasty_id = #{poetryDynastyId,jdbcType=BIGINT},
      open_author_number = #{openAuthorNumber,jdbcType=BIGINT},
      open_dynasty_number = #{openDynastyNumber,jdbcType=BIGINT}
    where id = #{id,jdbcType=BIGINT}
  </update>
</mapper>