<?xml version="1.0" encoding="UTF-8"?>
<!DOCTYPE generatorConfiguration
        PUBLIC "-//mybatis.org//DTD MyBatis Generator Configuration 1.0//EN"
        "http://mybatis.org/dtd/mybatis-generator-config_1_0.dtd">

<generatorConfiguration>
    <!-- 数据源配置文件 -->
    <properties resource="generator.properties"/>
    <context id="MySqlContext" targetRuntime="MyBatis3" defaultModelType="flat">
        <property name="beginningDelimiter" value="`"/>
        <property name="endingDelimiter" value="`"/>
        <property name="javaFileEncoding" value="UTF-8"/>
        <!-- 为模型生成序列化方法-->
        <plugin type="org.mybatis.generator.plugins.SerializablePlugin"/>
        <!-- 为生成的Java模型创建一个toString方法 -->
        <plugin type="org.mybatis.generator.plugins.ToStringPlugin"/>
        <!--生成mapper.xml时覆盖原文件-->
        <plugin type="org.mybatis.generator.plugins.UnmergeableXmlMappersPlugin" />

        <commentGenerator type="com.graduation.poetry.CommentGenerator">
            <!-- 是否去除自动生成的注释 true：是 ： false:否 -->
            <property name="suppressAllComments" value="true"/>
            <property name="suppressDate" value="true"/>
            <property name="addRemarkComments" value="true"/>
        </commentGenerator>

        <jdbcConnection driverClass="${jdbc.driverClass}"
                        connectionURL="${jdbc.connectionURL}"
                        userId="${jdbc.userId}"
                        password="${jdbc.password}">
            <!--解决mysql驱动升级到8.0后不生成指定数据库代码的问题-->
            <property name="nullCatalogMeansCurrent" value="true" />
        </jdbcConnection>
        <!-- model 数据类型生成路径配置 -->
        <javaModelGenerator targetPackage="com.graduation.poetry.model" targetProject="poetry-mbg/src/main/java"/>
        <!-- mapper xml 文件生成位置配置 -->
        <sqlMapGenerator targetPackage="com.graduation.poetry.mapper" targetProject="poetry-mbg/src/main/resources"/>
        <!-- mapper java 接口文件生成路径配置 -->
        <javaClientGenerator type="XMLMAPPER" targetPackage="com.graduation.poetry.mapper"
                             targetProject="poetry-mbg/src/main/java"/>
        <!--生成全部表tableName设为%-->
        <table tableName="%">
            <generatedKey column="id" sqlStatement="MySql" identity="true"/>
            <!--            <columnOverride column="name" jdbcType="VARCHAR" />-->
            <!--            <columnOverride column="pic" jdbcType="VARCHAR" />-->
        </table>
    </context>
</generatorConfiguration>
